1, 63626903819378.773;
2, 63626903821814.312;
3, 63626903823378.781;
4, 63626903825381.992;
5, 63626903827381.234;
6, 63626903829379.641;
7, 63626903831378.930;
8, 63626903833395.648;
9, 63626903835379.188;
10, 63626903837380.164;
11, 63626903839380.914;
12, 63626903841379.922;
13, 63626903843380.141;
14, 63626903845380.102;
15, 63626903847379.211;
16, 63626903849380.539;
17, 63626903851379.398;
18, 63626903853381.031;
19, 63626903855378.867;
20, 63626903857381.625;
21, 63626903859378.664;
22, 63626903861379.844;
23, 63626903863378.445;
24, 63626903865378.148;
25, 63626903867379.891;
26, 63626903869378.805;
27, 63626903871378.273;
28, 63626903873381.719;
29, 63626903875378.609;
30, 63626903877379.109;
31, 63626903879379.992;
32, 63626903881379.516;
33, 63626903883379.625;
34, 63626903885379.266;
35, 63626903887379.438;
36, 63626903889380.477;
37, 63626903891380.148;
38, 63626903893381.430;
39, 63626903895378.727;
40, 63626903897379.523;
41, 63626903899378.492;
42, 63626903901381.195;
43, 63626903903378.492;
44, 63626903905380.914;
45, 63626903907380.930;
46, 63626903909378.188;
47, 63626903911378.203;
48, 63626903913380.656;
49, 63626903915378.320;
50, 63626903917379.922;
51, 63626903919380.516;
52, 63626903921378.039;
53, 63626903923378.570;
54, 63626903925382.500;
55, 63626903927378.805;
56, 63626903929378.148;
57, 63626903931377.875;
58, 63626903933378.477;
59, 63626903935380.945;
60, 63626903937378.406;
61, 63626903939379.422;
62, 63626903941379.875;
63, 63626903943379.758;
64, 63626903945378.406;
65, 63626903947380.469;
66, 63626903949379.961;
67, 63626903951378.609;
68, 63626903953378.047;
69, 63626903955380.453;
70, 63626903957381.477;
71, 63626903959378.930;
72, 63626903961378.477;
73, 63626903963380.094;
74, 63626903965379.094;
75, 63626903967378.133;
76, 63626903969379.047;
77, 63626903971378.445;
78, 63626903973377.875;
79, 63626903975380.938;
80, 63626903977379.508;
81, 63626903979381.227;
82, 63626903981380.125;
83, 63626903983379.758;
84, 63626903985379.680;
85, 63626903987378.344;
86, 63626903989378.805;
87, 63626903991380.789;
88, 63626903993378.094;
89, 63626903995378.766;
90, 63626903997378.070;
91, 63626903999377.750;
92, 63626904001380.719;
93, 63626904003380.438;
94, 63626904005378.297;
95, 63626904007378.008;
96, 63626904009379.438;
97, 63626904011379.883;
98, 63626904013378.344;
99, 63626904015378.023;
100, 63626904017377.578;
101, 63626904019379.102;
102, 63626904021380.508;
103, 63626904023379.438;
104, 63626904025380.070;
105, 63626904027379.781;
106, 63626904029378.898;
107, 63626904031381.156;
108, 63626904033377.570;
109, 63626904035380.375;
110, 63626904037377.844;
111, 63626904039377.359;
112, 63626904041379.602;
113, 63626904043380.656;
114, 63626904045377.875;
115, 63626904047378.508;
116, 63626904049378.734;
117, 63626904051379.289;
118, 63626904053380.625;
119, 63626904055378.117;
120, 63626904057380.047;
121, 63626904059377.211;
122, 63626904061379.508;
123, 63626904063379.500;
124, 63626904065380.273;
125, 63626904067377.898;
126, 63626904069377.234;
127, 63626904071377.711;
128, 63626904073378.438;
129, 63626904075379.016;
130, 63626904077377.422;
131, 63626904079379.891;
132, 63626904081381.156;
133, 63626904083377.195;
134, 63626904085380.250;
135, 63626904087378.766;
136, 63626904089380.688;
137, 63626904091380.789;
138, 63626904093378.023;
139, 63626904095378.250;
140, 63626904097378.977;
141, 63626904099379.383;
142, 63626904101380.000;
143, 63626904103378.086;
144, 63626904105380.734;
145, 63626904107377.594;
146, 63626904109380.258;
147, 63626904111380.477;
148, 63626904113380.219;
149, 63626904115377.453;
150, 63626904117381.125;
151, 63626904119377.086;
152, 63626904121378.773;
153, 63626904123377.375;
154, 63626904125377.570;
155, 63626904127380.117;
156, 63626904129380.172;
157, 63626904131378.391;
158, 63626904133380.062;
159, 63626904135379.406;
160, 63626904137380.070;
161, 63626904139376.594;
162, 63626904141377.031;
163, 63626904143377.508;
164, 63626904145377.273;
165, 63626904147377.734;
166, 63626904149377.164;
167, 63626904151377.742;
168, 63626904153377.555;
169, 63626904155377.398;
170, 63626904157379.602;
172, 63626904162531.344;
173, 63626904163379.938;
174, 63626904165378.562;
175, 63626904167378.227;
176, 63626904169377.625;
177, 63626904171377.523;
178, 63626904173377.672;
179, 63626904175380.203;
180, 63626904177378.156;
181, 63626904179376.492;
182, 63626904181378.086;
183, 63626904183379.031;
184, 63626904185379.922;
185, 63626904187377.516;
186, 63626904189378.938;
187, 63626904191377.750;
188, 63626904193377.180;
189, 63626904195378.586;
190, 63626904197377.266;
191, 63626904199377.383;
192, 63626904201376.797;
193, 63626904203377.953;
194, 63626904205378.773;
195, 63626904207378.438;
196, 63626904209379.656;
197, 63626904211378.305;
198, 63626904213378.398;
199, 63626904215376.250;
200, 63626904217379.602;
201, 63626904219380.000;
202, 63626904221377.070;
203, 63626904223376.781;
204, 63626904225376.352;
205, 63626904227376.008;
206, 63626904229378.250;
207, 63626904231376.781;
208, 63626904233376.750;
209, 63626904235379.328;
210, 63626904237379.859;
1, 63626904302677.812;
2, 63626904304678.430;
3, 63626904306678.961;
4, 63626904308677.875;
5, 63626904310678.141;
6, 63626904312677.922;
7, 63626904314677.680;
8, 63626904316679.445;
9, 63626904318678.297;
10, 63626904320679.750;
11, 63626904322677.664;
12, 63626904324681.305;
13, 63626904326677.945;
14, 63626904328677.305;
15, 63626904330677.742;
16, 63626904332679.758;
17, 63626904334677.922;
18, 63626904336681.461;
19, 63626904338679.352;
20, 63626904340680.352;
21, 63626904342679.625;
22, 63626904344678.953;
23, 63626904346681.891;
24, 63626904348677.688;
25, 63626904350679.641;
26, 63626904352677.992;
27, 63626904354679.234;
28, 63626904356679.695;
29, 63626904358678.781;
30, 63626904360679.719;
31, 63626904362679.422;
32, 63626904364680.242;
33, 63626904366680.688;
34, 63626904368679.164;
35, 63626904370678.125;
36, 63626904372678.000;
37, 63626904374678.125;
38, 63626904376679.734;
39, 63626904378676.945;
40, 63626904380679.469;
41, 63626904382679.656;
42, 63626904384679.727;
43, 63626904386677.578;
44, 63626904388679.664;
45, 63626904390677.336;
46, 63626904392678.086;
47, 63626904394679.102;
48, 63626904396677.195;
49, 63626904398677.227;
50, 63626904400677.305;
51, 63626904402677.062;
52, 63626904404677.578;
53, 63626904406678.500;
54, 63626904408677.578;
55, 63626904410677.312;
56, 63626904412679.727;
57, 63626904414680.008;
58, 63626904416677.383;
59, 63626904418678.930;
60, 63626904420678.781;
61, 63626904422678.039;
62, 63626904424678.891;
63, 63626904426678.805;
64, 63626904428677.102;
65, 63626904430677.078;
66, 63626904432677.508;
67, 63626904434677.805;
68, 63626904436679.703;
69, 63626904438678.281;
70, 63626904440677.852;
71, 63626904442678.492;
72, 63626904444677.156;
73, 63626904446678.312;
74, 63626904448677.375;
75, 63626904450677.883;
76, 63626904452677.961;
77, 63626904454678.656;
78, 63626904456677.812;
79, 63626904458677.539;
80, 63626904460676.750;
81, 63626904462677.273;
82, 63626904464678.305;
83, 63626904466676.367;
84, 63626904468680.188;
85, 63626904470677.000;
86, 63626904472677.852;
87, 63626904474678.062;
88, 63626904476676.797;
89, 63626904478676.406;
90, 63626904480676.523;
91, 63626904482678.531;
92, 63626904484677.836;
93, 63626904486676.391;
94, 63626904488678.211;
95, 63626904490676.766;
96, 63626904492678.391;
97, 63626904494678.359;
98, 63626904496679.531;
99, 63626904498677.664;
100, 63626904500676.266;
101, 63626904502678.094;
102, 63626904504678.359;
103, 63626904506678.633;
104, 63626904508677.320;
105, 63626904510679.195;
106, 63626904512679.812;
107, 63626904514676.961;
108, 63626904516676.281;
109, 63626904518678.242;
110, 63626904520679.414;
111, 63626904522678.469;
112, 63626904524676.391;
113, 63626904526676.258;
114, 63626904528678.352;
115, 63626904530676.742;
116, 63626904532676.711;
117, 63626904534677.422;
118, 63626904536678.148;
119, 63626904538679.656;
120, 63626904540676.336;
121, 63626904542679.086;
122, 63626904544679.758;
123, 63626904546675.875;
124, 63626904548678.742;
125, 63626904550676.688;
126, 63626904552676.406;
127, 63626904554677.930;
128, 63626904556677.422;
129, 63626904558678.203;
130, 63626904560676.367;
131, 63626904562678.195;
132, 63626904564676.367;
133, 63626904566676.320;
134, 63626904568679.734;
135, 63626904570677.695;
136, 63626904572679.586;
137, 63626904574675.781;
138, 63626904576677.578;
139, 63626904578677.031;
140, 63626904580678.492;
141, 63626904582677.281;
142, 63626904584678.656;
143, 63626904586679.000;
144, 63626904588677.078;
145, 63626904590676.219;
146, 63626904592676.539;
147, 63626904594676.062;
148, 63626904596677.031;
149, 63626904598678.188;
150, 63626904600676.102;
151, 63626904602678.672;
152, 63626904604676.398;
153, 63626904606676.242;
154, 63626904608677.133;
155, 63626904610676.844;
156, 63626904612677.797;
157, 63626904614678.117;
158, 63626904616677.562;
159, 63626904618675.766;
160, 63626904620675.859;
161, 63626904622676.469;
162, 63626904624677.703;
163, 63626904626676.195;
164, 63626904628677.945;
165, 63626904630676.766;
166, 63626904632676.453;
167, 63626904634677.328;
168, 63626904636675.969;
169, 63626904638676.891;
170, 63626904640677.750;
171, 63626904642675.648;
172, 63626904644679.461;
173, 63626904646676.250;
174, 63626904648678.258;
175, 63626904650676.164;
176, 63626904652676.102;
177, 63626904654676.148;
178, 63626904656678.227;
179, 63626904658676.602;
180, 63626904660678.227;
181, 63626904662678.141;
182, 63626904664676.789;
183, 63626904666676.117;
184, 63626904668678.000;
185, 63626904670676.602;
186, 63626904672676.672;
187, 63626904674676.305;
188, 63626904676677.766;
189, 63626904678675.398;
190, 63626904680676.953;
191, 63626904682675.242;
192, 63626904684680.547;
193, 63626904686678.648;
194, 63626904688676.406;
195, 63626904690677.469;
196, 63626904692677.117;
197, 63626904694674.938;
198, 63626904696677.797;
199, 63626904698676.125;
200, 63626904700677.812;
201, 63626904702675.000;
202, 63626904704675.734;
203, 63626904706677.555;
204, 63626904708677.336;
205, 63626904710678.211;
206, 63626904712678.062;
207, 63626904714677.758;
208, 63626904716675.555;
209, 63626904718678.227;
210, 63626904720678.445;
1, 63626904785576.016;
2, 63626904787576.688;
3, 63626904789577.703;
4, 63626904791578.008;
5, 63626904793576.141;
6, 63626904795575.750;
7, 63626904797575.891;
8, 63626904799577.680;
9, 63626904801575.586;
10, 63626904803577.203;
11, 63626904805577.711;
12, 63626904807576.070;
13, 63626904809577.375;
14, 63626904811576.172;
15, 63626904813576.148;
16, 63626904815578.000;
17, 63626904817577.594;
18, 63626904819575.688;
19, 63626904821578.930;
20, 63626904823576.484;
21, 63626904825576.867;
22, 63626904827577.773;
23, 63626904829577.562;
24, 63626904831575.648;
25, 63626904833575.633;
26, 63626904835575.359;
27, 63626904837576.859;
28, 63626904839577.719;
29, 63626904841577.797;
30, 63626904843576.055;
31, 63626904845575.602;
32, 63626904847577.516;
33, 63626904849576.766;
34, 63626904851575.367;
35, 63626904853575.672;
36, 63626904855577.227;
37, 63626904857575.453;
38, 63626904859578.797;
39, 63626904861575.375;
40, 63626904863577.750;
41, 63626904865575.555;
42, 63626904867578.125;
43, 63626904869575.062;
44, 63626904871576.008;
45, 63626904873575.156;
46, 63626904875576.102;
47, 63626904877576.211;
48, 63626904879576.328;
49, 63626904881575.500;
50, 63626904883576.164;
51, 63626904885575.023;
52, 63626904887577.516;
53, 63626904889575.648;
54, 63626904891693.883;
55, 63626904893576.422;
56, 63626904895578.008;
57, 63626904897576.242;
58, 63626904899575.680;
59, 63626904901575.273;
60, 63626904903576.719;
61, 63626904905575.789;
62, 63626904907575.453;
63, 63626904909575.961;
64, 63626904911578.570;
65, 63626904913575.336;
66, 63626904915578.086;
67, 63626904917575.727;
68, 63626904919575.625;
69, 63626904921578.125;
70, 63626904923578.211;
71, 63626904925575.219;
72, 63626904927578.234;
73, 63626904929575.781;
74, 63626904931574.781;
75, 63626904933576.906;
76, 63626904935576.609;
77, 63626904937574.797;
78, 63626904939574.844;
79, 63626904941576.281;
80, 63626904943576.102;
81, 63626904945574.898;
82, 63626904947575.047;
83, 63626904949576.047;
84, 63626904951575.648;
85, 63626904953577.148;
86, 63626904955575.266;
87, 63626904957574.711;
88, 63626904959575.312;
89, 63626904961576.344;
90, 63626904963574.586;
91, 63626904965575.008;
92, 63626904967576.648;
93, 63626904969576.852;
94, 63626904971576.109;
95, 63626904973576.250;
96, 63626904975574.859;
97, 63626904977576.891;
98, 63626904979577.680;
99, 63626904981579.234;
100, 63626904983575.602;
101, 63626904985574.469;
102, 63626904987574.773;
103, 63626904989574.781;
104, 63626904991575.258;
105, 63626904993575.594;
106, 63626904995576.711;
107, 63626904997574.344;
108, 63626904999575.953;
109, 63626905001576.953;
110, 63626905003574.328;
111, 63626905005576.852;
112, 63626905007574.680;
113, 63626905009574.703;
114, 63626905011574.469;
115, 63626905013575.688;
116, 63626905015574.328;
117, 63626905017574.375;
118, 63626905019575.773;
119, 63626905021574.727;
120, 63626905023575.398;
121, 63626905025576.195;
122, 63626905027576.695;
123, 63626905029574.148;
124, 63626905031574.953;
125, 63626905033575.617;
126, 63626905035576.461;
127, 63626905037577.227;
128, 63626905039577.078;
129, 63626905041574.484;
130, 63626905043575.898;
131, 63626905045574.328;
132, 63626905047575.227;
133, 63626905049574.977;
134, 63626905051574.383;
135, 63626905053574.359;
136, 63626905055574.305;
137, 63626905057575.367;
138, 63626905059574.875;
139, 63626905061574.188;
140, 63626905063575.641;
141, 63626905065574.852;
142, 63626905067576.930;
143, 63626905069575.695;
144, 63626905071577.039;
145, 63626905073576.070;
146, 63626905075575.695;
147, 63626905077576.531;
148, 63626905079574.289;
149, 63626905081574.359;
150, 63626905083576.844;
151, 63626905085575.398;
152, 63626905087574.281;
153, 63626905089573.789;
154, 63626905091575.328;
155, 63626905093574.062;
156, 63626905095573.602;
157, 63626905097575.391;
158, 63626905099576.094;
159, 63626905101576.859;
160, 63626905103575.984;
161, 63626905105575.516;
162, 63626905107576.914;
163, 63626905109575.961;
164, 63626905111575.305;
165, 63626905113573.945;
166, 63626905115573.906;
167, 63626905117573.383;
168, 63626905119573.766;
169, 63626905121575.383;
170, 63626905123573.914;
171, 63626905125574.734;
172, 63626905127576.641;
173, 63626905129573.523;
174, 63626905131576.531;
175, 63626905133573.773;
176, 63626905135576.672;
177, 63626905137574.961;
178, 63626905139574.328;
179, 63626905141574.531;
180, 63626905143573.500;
181, 63626905145574.164;
182, 63626905147573.297;
183, 63626905149576.039;
184, 63626905151574.266;
185, 63626905153573.234;
186, 63626905155575.031;
187, 63626905157576.555;
188, 63626905159573.695;
189, 63626905161574.055;
190, 63626905163574.086;
191, 63626905165575.641;
192, 63626905167574.438;
193, 63626905169576.102;
194, 63626905171574.031;
195, 63626905173574.352;
196, 63626905175573.164;
197, 63626905177576.117;
198, 63626905179573.992;
199, 63626905181573.672;
200, 63626905183574.195;
201, 63626905185575.070;
202, 63626905187575.734;
203, 63626905189573.852;
204, 63626905191574.812;
205, 63626905193573.914;
206, 63626905195575.078;
207, 63626905197574.680;
208, 63626905199575.359;
209, 63626905201576.383;
210, 63626905203576.148;
1, 63626905249853.984;
2, 63626905251856.000;
3, 63626905253855.070;
4, 63626905255854.180;
5, 63626905257855.734;
6, 63626905259855.555;
7, 63626905261855.672;
8, 63626905263854.016;
9, 63626905265854.438;
10, 63626905267855.961;
11, 63626905269855.602;
12, 63626905271854.867;
13, 63626905273855.516;
14, 63626905275856.609;
15, 63626905277853.656;
16, 63626905279853.375;
17, 63626905281854.016;
18, 63626905283855.852;
19, 63626905285857.734;
20, 63626905287855.180;
21, 63626905289854.227;
22, 63626905291853.625;
23, 63626905293854.516;
24, 63626905295856.711;
25, 63626905297853.891;
26, 63626905299853.750;
27, 63626905301856.945;
28, 63626905303856.938;
29, 63626905305856.219;
30, 63626905307853.562;
31, 63626905309853.625;
32, 63626905311854.367;
33, 63626905313855.352;
34, 63626905315855.211;
35, 63626905317854.586;
36, 63626905319855.734;
37, 63626905321853.719;
38, 63626905323853.547;
39, 63626905325854.078;
40, 63626905327854.875;
41, 63626905329854.469;
42, 63626905331853.773;
43, 63626905333854.195;
44, 63626905335855.164;
45, 63626905337854.773;
46, 63626905339853.625;
47, 63626905341855.922;
48, 63626905343853.352;
49, 63626905345855.117;
50, 63626905347852.711;
51, 63626905349855.961;
52, 63626905351854.383;
53, 63626905353853.164;
54, 63626905355856.320;
55, 63626905357856.047;
56, 63626905359853.852;
57, 63626905361853.203;
58, 63626905363854.922;
59, 63626905365852.938;
60, 63626905367853.156;
61, 63626905369853.055;
62, 63626905371854.234;
63, 63626905373853.281;
64, 63626905375855.852;
65, 63626905377853.352;
66, 63626905379855.242;
67, 63626905381854.234;
68, 63626905383854.438;
69, 63626905385853.969;
70, 63626905387856.062;
71, 63626905389855.203;
72, 63626905391853.242;
73, 63626905393854.141;
74, 63626905395853.844;
75, 63626905397852.898;
76, 63626905399852.961;
77, 63626905401855.992;
78, 63626905403854.609;
79, 63626905405855.773;
80, 63626905407852.680;
81, 63626905409853.672;
82, 63626905411853.758;
83, 63626905413854.883;
84, 63626905415855.664;
85, 63626905417852.906;
86, 63626905419853.016;
87, 63626905421854.164;
88, 63626905423854.883;
89, 63626905425855.375;
90, 63626905427854.125;
91, 63626905429854.312;
92, 63626905431854.727;
93, 63626905433855.836;
94, 63626905435854.414;
95, 63626905437855.773;
96, 63626905439855.703;
97, 63626905441853.797;
98, 63626905443853.680;
99, 63626905445852.633;
100, 63626905447854.359;
101, 63626905449854.398;
102, 63626905451852.945;
103, 63626905453855.344;
104, 63626905455852.648;
105, 63626905457854.750;
106, 63626905459854.492;
107, 63626905461855.680;
108, 63626905463856.188;
109, 63626905465854.477;
110, 63626905467855.367;
111, 63626905469854.055;
112, 63626905471853.781;
113, 63626905473854.289;
114, 63626905475854.562;
115, 63626905477853.031;
116, 63626905479853.953;
117, 63626905481852.320;
118, 63626905483854.914;
119, 63626905485852.367;
120, 63626905487854.180;
121, 63626905489854.336;
122, 63626905491856.688;
123, 63626905493855.305;
124, 63626905495854.961;
125, 63626905497855.141;
126, 63626905499854.688;
127, 63626905501852.742;
128, 63626905503851.867;
129, 63626905505851.891;
130, 63626905507852.461;
131, 63626905509852.250;
132, 63626905512030.062;
133, 63626905513853.383;
134, 63626905515852.422;
135, 63626905517852.562;
136, 63626905519854.305;
137, 63626905521852.305;
138, 63626905523852.375;
139, 63626905525851.961;
140, 63626905527851.930;
141, 63626905529852.414;
142, 63626905531853.805;
143, 63626905533852.391;
144, 63626905535852.188;
145, 63626905537854.703;
146, 63626905539853.797;
147, 63626905541852.023;
148, 63626905543851.609;
149, 63626905545854.055;
150, 63626905547852.047;
151, 63626905549854.000;
152, 63626905551853.680;
153, 63626905553851.930;
154, 63626905555851.602;
155, 63626905557852.828;
156, 63626905559852.172;
157, 63626905561853.086;
158, 63626905563853.633;
159, 63626905565852.430;
160, 63626905567852.805;
161, 63626905569852.617;
162, 63626905571854.273;
163, 63626905573851.438;
164, 63626905575853.086;
165, 63626905577854.680;
166, 63626905579852.711;
167, 63626905581851.906;
168, 63626905583854.586;
169, 63626905585851.352;
170, 63626905587852.578;
171, 63626905589854.320;
172, 63626905591852.305;
173, 63626905593852.008;
174, 63626905595854.695;
175, 63626905597852.094;
176, 63626905599853.133;
177, 63626905601852.867;
178, 63626905603852.625;
179, 63626905605853.641;
180, 63626905607851.719;
181, 63626905609852.594;
182, 63626905611852.016;
183, 63626905613851.688;
184, 63626905615854.680;
185, 63626905617852.383;
186, 63626905619852.172;
187, 63626905621851.859;
188, 63626905623854.219;
189, 63626905625851.562;
190, 63626905627853.938;
191, 63626905629851.859;
192, 63626905631852.766;
193, 63626905633851.836;
194, 63626905635852.867;
195, 63626905637851.281;
196, 63626905639852.898;
197, 63626905641851.719;
198, 63626905643851.453;
199, 63626905645852.555;
200, 63626905647851.430;
201, 63626905649852.898;
202, 63626905651853.602;
203, 63626905653851.156;
204, 63626905655852.055;
205, 63626905657852.352;
206, 63626905659851.391;
207, 63626905661852.617;
208, 63626905663851.945;
209, 63626905665852.891;
210, 63626905667852.789;
1, 63626905715181.930;
2, 63626905717184.641;
3, 63626905719182.516;
4, 63626905721184.766;
5, 63626905723182.750;
6, 63626905725182.109;
7, 63626905727184.578;
8, 63626905729181.648;
9, 63626905731182.578;
10, 63626905733183.125;
11, 63626905735184.648;
12, 63626905737182.219;
13, 63626905739181.664;
14, 63626905741961.789;
15, 63626905743182.625;
16, 63626905745183.102;
17, 63626905747182.898;
18, 63626905749181.688;
19, 63626905751181.555;
20, 63626905753181.703;
21, 63626905755182.500;
22, 63626905757182.289;
23, 63626905759181.719;
24, 63626905761183.734;
25, 63626905763182.469;
26, 63626905765182.227;
27, 63626905767181.969;
28, 63626905769183.062;
29, 63626905771184.734;
30, 63626905773184.109;
31, 63626905775183.961;
32, 63626905777183.297;
33, 63626905779182.930;
34, 63626905781183.078;
35, 63626905783181.469;
36, 63626905785193.469;
37, 63626905787183.773;
38, 63626905789182.945;
39, 63626905791181.500;
40, 63626905793181.875;
41, 63626905795181.664;
42, 63626905797183.805;
43, 63626905799183.961;
44, 63626905801182.398;
45, 63626905803182.062;
46, 63626905805182.258;
47, 63626905807181.633;
48, 63626905809181.727;
49, 63626905811184.328;
50, 63626905813182.609;
51, 63626905815182.164;
52, 63626905817182.672;
53, 63626905819183.031;
54, 63626905821219.891;
55, 63626905823183.719;
56, 63626905825181.289;
57, 63626905827181.961;
58, 63626905829180.648;
59, 63626905831183.570;
60, 63626905833182.641;
61, 63626905835181.281;
62, 63626905837181.609;
63, 63626905839180.703;
64, 63626905841181.711;
65, 63626905843182.148;
66, 63626905845181.797;
67, 63626905847183.609;
68, 63626905849180.938;
69, 63626905851183.344;
70, 63626905853183.609;
71, 63626905855181.719;
72, 63626905857181.570;
73, 63626905859181.914;
74, 63626905861181.102;
75, 63626905863181.844;
76, 63626905865182.203;
77, 63626905867182.055;
78, 63626905869181.680;
79, 63626905871182.805;
80, 63626905873182.227;
81, 63626905875183.336;
82, 63626905877181.016;
83, 63626905879182.867;
84, 63626905881184.172;
85, 63626905883180.984;
86, 63626905885181.633;
87, 63626905887181.719;
88, 63626905889181.578;
89, 63626905891181.406;
90, 63626905893180.602;
91, 63626905895180.641;
92, 63626905897183.664;
93, 63626905899181.281;
94, 63626905901182.648;
95, 63626905903180.758;
96, 63626905905180.477;
97, 63626905907180.703;
98, 63626905909183.430;
99, 63626905911180.812;
100, 63626905913180.812;
101, 63626905915181.250;
102, 63626905917183.078;
103, 63626905919182.750;
104, 63626905921182.625;
105, 63626905923180.977;
106, 63626905925180.758;
107, 63626905927180.312;
108, 63626905929183.703;
109, 63626905931183.297;
110, 63626905933180.625;
111, 63626905935182.094;
112, 63626905937180.391;
113, 63626905939181.867;
114, 63626905941181.078;
115, 63626905943181.711;
116, 63626905945182.914;
117, 63626905947180.281;
118, 63626905949180.484;
119, 63626905951180.953;
120, 63626905953179.945;
121, 63626905955183.266;
122, 63626905957181.312;
123, 63626905959183.383;
124, 63626905961182.242;
125, 63626905963180.133;
126, 63626905965181.938;
127, 63626905967180.695;
128, 63626905969180.422;
129, 63626905971181.555;
130, 63626905973181.062;
131, 63626905975183.328;
132, 63626905977183.562;
133, 63626905979182.883;
134, 63626905981180.531;
135, 63626905983182.703;
136, 63626905985183.008;
137, 63626905987182.031;
138, 63626905989180.195;
139, 63626905991181.992;
140, 63626905993182.945;
141, 63626905995180.398;
142, 63626905997182.008;
143, 63626905999181.359;
144, 63626906001180.266;
145, 63626906003180.188;
146, 63626906005181.594;
147, 63626906007180.297;
148, 63626906009183.273;
149, 63626906011180.883;
150, 63626906013181.102;
151, 63626906015181.242;
152, 63626906017180.656;
153, 63626906019181.688;
154, 63626906021181.000;
155, 63626906023181.148;
156, 63626906025180.438;
157, 63626906027181.539;
158, 63626906029181.047;
159, 63626906031182.070;
160, 63626906033180.594;
161, 63626906035181.016;
162, 63626906037182.984;
163, 63626906039182.258;
164, 63626906041180.000;
165, 63626906043179.758;
166, 63626906045181.078;
167, 63626906047181.164;
168, 63626906049180.703;
169, 63626906051179.680;
170, 63626906053183.180;
171, 63626906055181.086;
172, 63626906057181.250;
173, 63626906059182.625;
174, 63626906061180.516;
175, 63626906063179.555;
176, 63626906065181.750;
177, 63626906067181.812;
178, 63626906069181.359;
179, 63626906071180.516;
180, 63626906073179.742;
181, 63626906075180.562;
182, 63626906077180.156;
183, 63626906079182.719;
184, 63626906081180.156;
185, 63626906083181.953;
186, 63626906085180.867;
187, 63626906087180.891;
188, 63626906089181.328;
189, 63626906091179.742;
190, 63626906093181.750;
191, 63626906095182.656;
192, 63626906097181.016;
193, 63626906099180.992;
194, 63626906101179.734;
195, 63626906103179.594;
196, 63626906105179.766;
197, 63626906107180.883;
198, 63626906109181.523;
199, 63626906111179.703;
200, 63626906113181.703;
201, 63626906115183.688;
202, 63626906117179.578;
203, 63626906119180.281;
204, 63626906121179.250;
205, 63626906123179.578;
206, 63626906125179.430;
207, 63626906127181.898;
208, 63626906129179.984;
209, 63626906131179.109;
210, 63626906133180.219;
1, 63626906199936.508;
2, 63626906201938.367;
3, 63626906203936.414;
4, 63626906205938.422;
5, 63626906207937.195;
6, 63626906209937.734;
7, 63626906211938.562;
8, 63626906213938.086;
9, 63626906215937.883;
10, 63626906217937.078;
11, 63626906219936.594;
12, 63626906221936.664;
13, 63626906223936.914;
14, 63626906225937.555;
15, 63626906227936.609;
16, 63626906229936.398;
17, 63626906231936.641;
18, 63626906233936.773;
19, 63626906235938.617;
20, 63626906237939.797;
21, 63626906239936.781;
22, 63626906241936.281;
23, 63626906243938.047;
24, 63626906245938.336;
25, 63626906247939.570;
26, 63626906249938.289;
27, 63626906251938.992;
28, 63626906253939.602;
29, 63626906255936.523;
30, 63626906257938.086;
31, 63626906259938.047;
32, 63626906261938.016;
33, 63626906263937.125;
34, 63626906265939.328;
35, 63626906267936.891;
36, 63626906269936.430;
37, 63626906271937.977;
38, 63626906273936.172;
39, 63626906275937.016;
40, 63626906277935.953;
41, 63626906279937.188;
42, 63626906281937.547;
43, 63626906283936.273;
44, 63626906285936.500;
45, 63626906287939.203;
46, 63626906289939.031;
47, 63626906291937.367;
48, 63626906293936.656;
49, 63626906295937.508;
50, 63626906297936.984;
51, 63626906299937.406;
52, 63626906301937.344;
53, 63626906303938.508;
54, 63626906305936.523;
55, 63626906307938.570;
56, 63626906309937.609;
57, 63626906311936.938;
58, 63626906313936.547;
59, 63626906315936.391;
60, 63626906317936.406;
61, 63626906319937.523;
62, 63626906321935.586;
63, 63626906323937.023;
64, 63626906325937.469;
65, 63626906327937.281;
66, 63626906329937.359;
67, 63626906331935.719;
68, 63626906333936.047;
69, 63626906335936.391;
70, 63626906337937.992;
71, 63626906339937.617;
72, 63626906341936.984;
73, 63626906343936.422;
74, 63626906345937.695;
75, 63626906347937.055;
76, 63626906349937.781;
77, 63626906351938.117;
78, 63626906353937.195;
79, 63626906355936.484;
80, 63626906357936.109;
81, 63626906359936.992;
82, 63626906361937.391;
83, 63626906363939.047;
84, 63626906365935.836;
85, 63626906367938.008;
86, 63626906369935.930;
87, 63626906371936.508;
88, 63626906373936.359;
89, 63626906376017.539;
90, 63626906377936.125;
91, 63626906379937.719;
92, 63626906381937.086;
93, 63626906383936.000;
94, 63626906385938.555;
95, 63626906387935.586;
96, 63626906389937.445;
97, 63626906391936.852;
98, 63626906393937.617;
99, 63626906395937.273;
100, 63626906397936.492;
101, 63626906399935.852;
102, 63626906401937.867;
103, 63626906403939.289;
104, 63626906405937.109;
105, 63626906407935.953;
106, 63626906409938.484;
107, 63626906411935.688;
108, 63626906413938.648;
109, 63626906415938.000;
110, 63626906417936.625;
111, 63626906419937.172;
112, 63626906421937.500;
113, 63626906423935.711;
114, 63626906425935.125;
115, 63626906427935.422;
116, 63626906429936.938;
117, 63626906431937.156;
118, 63626906433936.633;
119, 63626906435937.672;
120, 63626906437938.227;
121, 63626906439937.125;
122, 63626906441935.742;
123, 63626906443935.883;
124, 63626906445936.016;
125, 63626906447937.039;
126, 63626906449937.289;
127, 63626906451936.859;
128, 63626906453936.078;
129, 63626906455936.688;
130, 63626906457937.008;
131, 63626906459936.977;
132, 63626906461935.289;
133, 63626906463937.352;
134, 63626906465936.594;
135, 63626906467935.102;
136, 63626906469937.156;
137, 63626906471935.984;
138, 63626906473935.500;
139, 63626906475936.562;
140, 63626906477935.484;
141, 63626906479935.133;
142, 63626906481938.039;
143, 63626906483936.031;
144, 63626906485934.633;
145, 63626906487938.125;
146, 63626906489935.414;
147, 63626906491938.031;
148, 63626906493935.641;
149, 63626906495935.570;
150, 63626906497935.641;
151, 63626906499936.766;
152, 63626906501936.828;
153, 63626906503935.102;
154, 63626906505935.539;
155, 63626906507935.289;
156, 63626906509935.164;
157, 63626906511936.133;
158, 63626906513936.719;
159, 63626906515936.062;
160, 63626906517934.961;
161, 63626906519934.750;
162, 63626906521937.289;
163, 63626906523934.695;
164, 63626906525936.156;
165, 63626906527935.523;
166, 63626906529934.922;
167, 63626906531935.234;
168, 63626906533935.836;
169, 63626906535934.555;
170, 63626906537936.641;
171, 63626906539934.680;
172, 63626906541937.148;
173, 63626906543936.961;
174, 63626906545934.602;
175, 63626906547936.727;
176, 63626906549937.555;
177, 63626906551935.789;
178, 63626906553934.188;
179, 63626906555934.391;
180, 63626906557936.242;
181, 63626906559935.742;
182, 63626906561934.602;
183, 63626906563935.438;
184, 63626906565936.555;
185, 63626906567935.688;
186, 63626906569937.609;
187, 63626906571936.227;
188, 63626906573934.602;
189, 63626906575935.117;
190, 63626906577935.977;
191, 63626906579935.617;
192, 63626906581934.766;
193, 63626906583935.781;
194, 63626906585936.414;
195, 63626906587934.383;
196, 63626906589937.086;
197, 63626906591936.289;
198, 63626906593935.039;
199, 63626906595935.016;
200, 63626906597935.805;
201, 63626906599936.383;
202, 63626906601934.594;
203, 63626906603935.758;
204, 63626906605935.625;
205, 63626906607936.258;
206, 63626906609935.453;
207, 63626906611934.195;
208, 63626906613934.078;
209, 63626906615936.469;
210, 63626906617937.453;
1, 63626906665387.836;
2, 63626906667389.297;
3, 63626906669390.133;
4, 63626906671387.961;
5, 63626906673389.430;
6, 63626906675389.953;
7, 63626906677387.531;
8, 63626906679388.000;
9, 63626906681389.688;
10, 63626906683389.500;
11, 63626906685389.141;
12, 63626906687389.125;
13, 63626906689388.500;
14, 63626906691387.703;
15, 63626906693388.570;
16, 63626906695390.016;
17, 63626906697388.148;
18, 63626906699387.430;
19, 63626906701389.391;
20, 63626906703387.812;
21, 63626906705390.180;
22, 63626906707387.938;
23, 63626906709387.344;
24, 63626906711387.797;
25, 63626906713387.242;
26, 63626906715386.969;
27, 63626906717389.891;
28, 63626906719390.352;
29, 63626906721389.250;
30, 63626906723387.719;
31, 63626906725387.836;
32, 63626906727389.859;
33, 63626906729388.000;
34, 63626906731388.773;
35, 63626906733388.992;
36, 63626906735387.570;
37, 63626906737387.938;
38, 63626906739390.102;
39, 63626906741389.016;
40, 63626906743389.500;
41, 63626906745386.977;
42, 63626906747390.359;
43, 63626906749388.367;
44, 63626906751390.500;
45, 63626906753390.344;
46, 63626906755387.797;
47, 63626906757387.109;
48, 63626906759387.289;
49, 63626906761389.102;
50, 63626906763387.242;
51, 63626906766841.312;
52, 63626906767387.250;
53, 63626906769387.391;
54, 63626906772008.734;
55, 63626906773388.547;
56, 63626906775389.789;
57, 63626906777387.141;
58, 63626906779387.523;
59, 63626906781389.445;
60, 63626906783387.453;
61, 63626906785387.320;
62, 63626906787387.922;
63, 63626906789390.117;
64, 63626906791387.625;
65, 63626906793388.070;
66, 63626906795389.445;
67, 63626906797389.797;
68, 63626906799389.633;
69, 63626906801389.719;
70, 63626906803389.508;
71, 63626906805387.102;
72, 63626906807388.000;
73, 63626906809387.266;
74, 63626906811388.242;
75, 63626906813388.328;
76, 63626906815388.359;
77, 63626906817389.758;
78, 63626906819388.695;
79, 63626906821389.922;
80, 63626906823387.227;
81, 63626906825389.242;
82, 63626906827390.570;
83, 63626906829389.125;
84, 63626906831390.414;
85, 63626906833386.805;
86, 63626906835387.453;
87, 63626906837387.055;
88, 63626906839387.055;
89, 63626906841388.656;
90, 63626906843386.461;
91, 63626906845386.289;
92, 63626906847386.367;
93, 63626906849387.188;
94, 63626906851389.547;
95, 63626906853389.391;
96, 63626906855389.016;
97, 63626906857386.469;
98, 63626906859389.055;
99, 63626906861388.492;
100, 63626906863387.289;
101, 63626906865386.859;
102, 63626906867386.859;
103, 63626906869387.516;
104, 63626906871387.547;
105, 63626906873387.555;
106, 63626906875388.094;
107, 63626906877386.617;
108, 63626906879387.328;
109, 63626906881388.547;
110, 63626906883386.367;
111, 63626906885386.172;
112, 63626906887386.547;
113, 63626906889388.422;
114, 63626906891386.562;
115, 63626906893387.094;
116, 63626906895387.656;
117, 63626906897388.484;
118, 63626906899388.000;
119, 63626906901386.070;
120, 63626906903389.117;
121, 63626906905387.320;
122, 63626906907386.469;
123, 63626906909389.492;
124, 63626906911386.016;
125, 63626906913386.805;
126, 63626906915387.188;
127, 63626906917386.977;
128, 63626906919387.055;
129, 63626906921387.297;
130, 63626906923387.453;
131, 63626906925388.984;
132, 63626906927389.297;
133, 63626906929387.164;
134, 63626906931388.086;
135, 63626906933386.086;
136, 63626906935386.375;
137, 63626906937388.344;
138, 63626906939387.070;
139, 63626906941387.555;
140, 63626906943386.039;
141, 63626906945386.711;
142, 63626906947387.867;
143, 63626906949387.102;
144, 63626906951387.414;
145, 63626906953388.039;
146, 63626906955387.625;
147, 63626906957386.500;
148, 63626906959385.883;
149, 63626906961386.203;
150, 63626906963385.883;
151, 63626906965386.688;
152, 63626906967387.367;
153, 63626906969387.133;
154, 63626906971386.266;
155, 63626906973387.445;
156, 63626906975386.992;
157, 63626906977385.938;
158, 63626906979386.594;
159, 63626906981386.055;
160, 63626906983386.172;
161, 63626906985385.938;
162, 63626906987385.945;
163, 63626906989385.844;
164, 63626906991386.555;
165, 63626906993387.016;
166, 63626906995387.703;
167, 63626906997387.555;
168, 63626906999387.953;
169, 63626907001385.500;
170, 63626907003386.172;
171, 63626907005386.945;
172, 63626907007388.102;
173, 63626907009386.977;
174, 63626907011387.852;
175, 63626907013385.438;
176, 63626907015385.688;
177, 63626907017388.133;
178, 63626907019386.125;
179, 63626907021387.469;
180, 63626907023387.406;
181, 63626907025386.484;
182, 63626907027388.641;
183, 63626907029386.117;
184, 63626907031385.891;
185, 63626907033387.406;
186, 63626907035388.984;
187, 63626907037385.375;
188, 63626907039385.992;
189, 63626907041387.070;
190, 63626907043387.070;
191, 63626907045386.984;
192, 63626907047385.359;
193, 63626907049385.531;
194, 63626907051385.000;
195, 63626907053385.484;
196, 63626907055386.328;
197, 63626907057385.617;
198, 63626907059385.703;
199, 63626907061386.719;
200, 63626907063385.625;
201, 63626907065387.625;
202, 63626907067387.766;
203, 63626907069386.852;
204, 63626907071385.742;
205, 63626907073385.367;
206, 63626907075385.445;
207, 63626907077387.305;
208, 63626907079386.578;
209, 63626907081387.211;
210, 63626907083387.734;
1, 63626907139622.984;
2, 63626907141625.727;
3, 63626907143623.922;
4, 63626907145623.242;
5, 63626907147623.234;
6, 63626907149623.656;
7, 63626907151623.148;
8, 63626907153622.383;
9, 63626907155623.523;
10, 63626907157625.211;
11, 63626907159623.617;
12, 63626907161623.531;
13, 63626907163622.852;
14, 63626907165623.234;
15, 63626907167622.773;
16, 63626907169624.602;
17, 63626907171622.570;
18, 63626907173625.883;
19, 63626907175625.516;
20, 63626907177623.211;
21, 63626907179623.281;
22, 63626907181623.430;
23, 63626907183622.969;
24, 63626907185623.953;
25, 63626907187622.211;
26, 63626907189622.445;
27, 63626907191625.609;
28, 63626907193622.102;
29, 63626907195623.492;
30, 63626907197622.148;
31, 63626907199625.328;
32, 63626907201623.203;
33, 63626907203622.656;
34, 63626907205622.031;
35, 63626907207623.031;
36, 63626907209622.602;
37, 63626907211622.375;
38, 63626907213622.125;
39, 63626907215621.977;
40, 63626907217622.320;
41, 63626907219622.852;
42, 63626907221622.852;
43, 63626907223621.922;
44, 63626907225623.477;
45, 63626907227624.938;
46, 63626907229623.328;
47, 63626907231622.188;
48, 63626907233622.781;
49, 63626907235623.180;
50, 63626907237623.727;
51, 63626907239623.891;
52, 63626907241623.062;
53, 63626907243622.016;
54, 63626907245625.133;
55, 63626907247623.266;
56, 63626907249625.375;
57, 63626907251621.672;
58, 63626907253621.586;
59, 63626907255622.141;
60, 63626907257623.398;
61, 63626907259624.711;
62, 63626907261624.031;
63, 63626907263644.492;
64, 63626907265621.922;
65, 63626907267623.023;
66, 63626907269622.242;
67, 63626907271622.219;
68, 63626907273621.844;
69, 63626907275623.484;
70, 63626907277624.023;
71, 63626907279621.992;
72, 63626907281622.094;
73, 63626907283623.086;
74, 63626907285622.422;
75, 63626907287622.680;
76, 63626907289623.133;
77, 63626907291623.812;
78, 63626907293623.242;
79, 63626907295623.930;
80, 63626907297623.578;
81, 63626907299621.883;
82, 63626907301621.336;
83, 63626907303624.148;
84, 63626907305621.656;
85, 63626907307623.938;
86, 63626907309623.297;
87, 63626907311621.617;
88, 63626907313621.344;
89, 63626907315621.617;
90, 63626907317623.328;
91, 63626907319622.891;
92, 63626907321623.516;
93, 63626907323624.188;
94, 63626907325622.164;
95, 63626907327623.227;
96, 63626907329622.555;
97, 63626907331621.680;
98, 63626907333621.609;
99, 63626907335622.250;
100, 63626907337622.508;
101, 63626907339622.773;
102, 63626907341621.703;
103, 63626907343623.609;
104, 63626907345623.523;
105, 63626907347622.312;
106, 63626907349621.773;
107, 63626907351621.750;
108, 63626907353623.016;
109, 63626907355621.344;
110, 63626907357624.141;
111, 63626907359623.711;
112, 63626907361623.414;
113, 63626907363621.539;
114, 63626907365621.375;
115, 63626907367623.047;
116, 63626907369621.984;
117, 63626907371622.047;
118, 63626907373623.422;
119, 63626907375621.992;
120, 63626907377621.859;
121, 63626907379623.961;
122, 63626907381623.914;
123, 63626907383621.523;
124, 63626907385624.023;
125, 63626907387622.211;
126, 63626907389623.375;
127, 63626907391622.875;
128, 63626907393621.984;
129, 63626907395623.805;
130, 63626907397622.078;
131, 63626907399624.102;
132, 63626907401624.211;
133, 63626907403623.109;
134, 63626907405621.984;
135, 63626907407621.172;
136, 63626907409624.133;
137, 63626907411623.094;
138, 63626907413621.797;
139, 63626907415622.734;
140, 63626907417622.203;
141, 63626907419621.039;
142, 63626907421621.172;
143, 63626907423622.539;
144, 63626907425621.703;
145, 63626907427623.422;
146, 63626907429621.633;
147, 63626907431623.719;
148, 63626907433620.695;
149, 63626907435623.539;
150, 63626907437623.148;
151, 63626907439621.492;
152, 63626907441623.031;
153, 63626907443620.703;
154, 63626907445623.078;
155, 63626907447623.625;
156, 63626907449621.453;
157, 63626907451621.945;
158, 63626907453621.336;
159, 63626907455621.719;
160, 63626907457623.922;
161, 63626907459622.039;
162, 63626907461623.461;
163, 63626907463622.125;
164, 63626907465621.000;
165, 63626907467620.750;
166, 63626907469622.141;
167, 63626907471620.906;
168, 63626907473623.766;
169, 63626907475620.883;
170, 63626907477622.102;
171, 63626907479620.375;
172, 63626907481620.664;
173, 63626907483620.633;
174, 63626907485623.797;
175, 63626907487622.891;
176, 63626907489621.141;
177, 63626907491620.922;
178, 63626907493621.570;
179, 63626907495621.531;
180, 63626907497623.172;
181, 63626907499623.328;
182, 63626907501621.266;
183, 63626907503622.891;
184, 63626907505623.227;
185, 63626907507620.617;
186, 63626907509621.109;
187, 63626907511620.250;
188, 63626907513621.555;
189, 63626907515620.625;
190, 63626907517621.461;
191, 63626907519620.609;
192, 63626907521622.492;
193, 63626907523622.617;
194, 63626907525621.391;
195, 63626907527620.953;
196, 63626907529620.406;
197, 63626907531623.086;
198, 63626907533623.859;
199, 63626907535620.375;
200, 63626907537620.156;
201, 63626907539623.477;
202, 63626907541620.438;
203, 63626907543620.445;
204, 63626907545621.750;
205, 63626907547620.195;
206, 63626907549620.492;
207, 63626907551622.336;
208, 63626907553621.570;
209, 63626907555622.469;
210, 63626907557619.906;
1, 63626907609293.414;
2, 63626907612241.938;
3, 63626907613295.922;
4, 63626907615294.148;
5, 63626907617294.266;
6, 63626907619295.680;
7, 63626907621295.180;
8, 63626907623293.867;
9, 63626907625293.484;
10, 63626907627293.641;
11, 63626907629294.805;
12, 63626907631295.688;
13, 63626907633293.305;
14, 63626907635295.828;
15, 63626907637295.836;
16, 63626907639294.117;
17, 63626907641294.102;
18, 63626907643295.836;
19, 63626907645293.891;
20, 63626907647295.688;
21, 63626907649295.719;
22, 63626907651295.070;
23, 63626907653293.758;
24, 63626907655295.266;
25, 63626907657295.727;
26, 63626907659293.594;
27, 63626907661296.188;
28, 63626907663293.945;
29, 63626907665295.945;
30, 63626907667295.211;
31, 63626907669293.719;
32, 63626907671295.328;
33, 63626907673295.984;
34, 63626907675295.641;
35, 63626907677293.227;
36, 63626907679293.320;
37, 63626907681294.516;
38, 63626907683293.188;
39, 63626907685294.484;
40, 63626907687296.188;
41, 63626907689295.500;
42, 63626907691293.922;
43, 63626907693295.180;
44, 63626907695295.391;
45, 63626907697295.352;
46, 63626907699294.289;
47, 63626907701294.992;
48, 63626907703293.133;
49, 63626907705293.156;
50, 63626907707294.789;
51, 63626907709294.484;
52, 63626907711293.438;
53, 63626907713293.719;
54, 63626907715293.414;
55, 63626907717293.375;
56, 63626907719295.102;
57, 63626907721295.344;
58, 63626907723293.305;
59, 63626907725295.281;
60, 63626907727292.602;
61, 63626907729293.180;
62, 63626907731294.000;
63, 63626907733295.203;
64, 63626907735293.164;
65, 63626907737293.578;
66, 63626907739293.117;
67, 63626907741295.555;
68, 63626907743296.086;
69, 63626907745293.883;
70, 63626907747292.539;
71, 63626907749293.477;
72, 63626907751294.977;
73, 63626907753294.422;
74, 63626907755292.383;
75, 63626907757292.969;
76, 63626907759293.031;
77, 63626907761294.000;
78, 63626907763293.406;
79, 63626907765292.383;
80, 63626907768515.203;
81, 63626907769293.273;
82, 63626907771295.125;
83, 63626907773295.180;
84, 63626907775293.172;
85, 63626907777294.125;
86, 63626907779294.602;
87, 63626907781292.773;
88, 63626907783293.383;
89, 63626907785293.109;
90, 63626907787292.383;
91, 63626907789293.969;
92, 63626907791293.195;
93, 63626907793293.625;
94, 63626907795294.023;
95, 63626907797295.648;
96, 63626907799293.695;
97, 63626907801294.008;
98, 63626907803294.086;
99, 63626907805292.633;
100, 63626907807292.641;
101, 63626907809292.148;
102, 63626907811293.367;
103, 63626907813293.469;
104, 63626907815292.438;
105, 63626907817295.172;
106, 63626907819295.062;
107, 63626907821294.578;
108, 63626907823293.727;
109, 63626907825295.070;
110, 63626907827293.367;
111, 63626907829294.984;
112, 63626907831293.164;
113, 63626907833292.805;
114, 63626907835292.391;
115, 63626907837294.805;
116, 63626907839293.312;
117, 63626907841292.430;
118, 63626907843292.945;
119, 63626907845675.227;
120, 63626907847293.406;
121, 63626907849292.117;
122, 63626907851294.023;
123, 63626907853294.188;
124, 63626907855292.766;
125, 63626907857293.188;
126, 63626907859295.055;
127, 63626907861292.758;
128, 63626907863292.844;
129, 63626907865294.203;
130, 63626907867293.414;
131, 63626907869294.531;
132, 63626907871292.078;
133, 63626907873295.211;
134, 63626907875292.758;
135, 63626907877294.445;
136, 63626907879295.344;
137, 63626907881292.320;
138, 63626907883292.961;
139, 63626907885292.844;
140, 63626907887292.266;
141, 63626907889292.656;
142, 63626907891294.203;
143, 63626907893291.805;
144, 63626907895293.359;
145, 63626907897293.227;
146, 63626907899295.242;
147, 63626907901292.117;
148, 63626907903293.180;
149, 63626907905293.258;
150, 63626907907293.734;
151, 63626907909292.773;
152, 63626907911291.938;
153, 63626907913291.898;
154, 63626907915291.734;
155, 63626907917293.953;
156, 63626907919293.734;
157, 63626907921293.570;
158, 63626907923293.953;
159, 63626907925293.672;
160, 63626907927292.062;
161, 63626907929292.547;
162, 63626907931292.180;
163, 63626907933292.023;
164, 63626907935293.195;
165, 63626907937293.211;
166, 63626907939292.961;
167, 63626907941292.656;
168, 63626907943293.742;
169, 63626907945292.562;
170, 63626907947292.016;
171, 63626907949293.320;
172, 63626907951295.672;
173, 63626907953291.320;
174, 63626907955294.117;
175, 63626907957294.117;
176, 63626907959293.141;
177, 63626907961292.773;
178, 63626907963291.258;
179, 63626907965293.500;
180, 63626907967293.641;
181, 63626907969292.000;
182, 63626907971291.914;
183, 63626907973294.055;
184, 63626907975354.273;
185, 63626907977294.656;
186, 63626907979294.609;
187, 63626907981293.109;
188, 63626907983294.078;
189, 63626907985293.430;
190, 63626907987291.477;
191, 63626907989292.961;
192, 63626907991291.422;
193, 63626907993291.047;
194, 63626907995293.727;
195, 63626907997291.578;
196, 63626907999293.688;
197, 63626908001292.312;
198, 63626908003293.773;
199, 63626908005294.109;
200, 63626908007293.148;
201, 63626908009292.539;
202, 63626908011292.109;
203, 63626908013291.039;
204, 63626908015292.320;
205, 63626908017292.742;
206, 63626908019293.250;
207, 63626908021291.734;
208, 63626908023290.992;
209, 63626908025293.461;
210, 63626908027292.031;
1, 63626908075103.430;
2, 63626908077103.570;
3, 63626908079106.234;
4, 63626908081103.555;
5, 63626908083105.273;
6, 63626908085104.711;
7, 63626908087105.703;
8, 63626908089103.289;
9, 63626908091104.445;
10, 63626908093102.641;
11, 63626908095102.484;
12, 63626908097104.055;
13, 63626908099103.664;
14, 63626908101103.438;
15, 63626908103105.250;
16, 63626908105102.578;
17, 63626908107105.359;
18, 63626908109104.344;
19, 63626908111105.148;
20, 63626908113103.922;
21, 63626908115103.320;
22, 63626908117104.508;
23, 63626908119103.172;
24, 63626908121103.109;
25, 63626908123103.109;
26, 63626908125103.047;
27, 63626908127103.305;
28, 63626908129105.266;
29, 63626908131103.555;
30, 63626908133105.172;
31, 63626908135102.531;
32, 63626908137102.414;
33, 63626908139102.594;
34, 63626908141102.367;
35, 63626908143103.320;
36, 63626908145104.594;
37, 63626908147102.773;
38, 63626908149102.578;
39, 63626908151102.117;
40, 63626908153103.656;
41, 63626908155105.445;
42, 63626908157103.133;
43, 63626908159103.359;
44, 63626908161102.125;
45, 63626908163103.797;
46, 63626908165104.062;
47, 63626908167103.344;
48, 63626908169103.273;
49, 63626908171102.594;
50, 63626908173103.281;
51, 63626908175103.172;
52, 63626908177103.055;
53, 63626908179103.250;
54, 63626908181105.094;
55, 63626908183102.133;
56, 63626908185104.078;
57, 63626908187104.125;
58, 63626908189105.055;
59, 63626908191101.734;
60, 63626908193103.453;
61, 63626908195103.117;
62, 63626908197103.477;
63, 63626908199101.547;
64, 63626908201104.133;
65, 63626908203102.039;
66, 63626908205104.508;
67, 63626908207104.328;
68, 63626908209104.062;
69, 63626908211103.438;
70, 63626908213101.703;
71, 63626908215103.422;
72, 63626908217103.961;
73, 63626908219104.062;
74, 63626908221101.727;
75, 63626908223103.055;
76, 63626908225103.500;
77, 63626908227104.234;
78, 63626908229101.547;
79, 63626908231103.445;
80, 63626908233104.445;
81, 63626908235103.336;
82, 63626908237103.078;
83, 63626908239103.594;
84, 63626908241103.461;
85, 63626908243103.766;
86, 63626908245101.961;
87, 63626908247102.445;
88, 63626908249102.922;
89, 63626908251101.688;
90, 63626908253102.250;
91, 63626908255102.477;
92, 63626908257102.531;
93, 63626908259104.297;
94, 63626908261101.797;
95, 63626908263102.336;
96, 63626908265103.398;
97, 63626908267101.891;
98, 63626908269101.555;
99, 63626908271101.742;
100, 63626908273101.859;
101, 63626908275103.266;
102, 63626908277102.336;
103, 63626908279101.430;
104, 63626908281101.531;
105, 63626908283102.789;
106, 63626908285103.656;
107, 63626908287101.234;
108, 63626908289102.273;
109, 63626908291103.000;
110, 63626908293101.656;
111, 63626908295103.984;
112, 63626908297102.609;
113, 63626908299101.633;
114, 63626908301102.453;
115, 63626908303102.742;
116, 63626908305104.281;
117, 63626908307101.102;
118, 63626908309101.578;
119, 63626908311103.727;
120, 63626908313102.000;
121, 63626908315103.578;
122, 63626908317102.602;
123, 63626908319102.086;
124, 63626908321101.102;
125, 63626908323101.312;
126, 63626908325101.414;
127, 63626908327101.852;
128, 63626908329102.781;
129, 63626908331101.102;
130, 63626908333101.992;
131, 63626908335101.250;
132, 63626908337102.094;
133, 63626908339102.414;
134, 63626908341103.062;
135, 63626908343101.789;
136, 63626908345100.516;
137, 63626908347100.836;
138, 63626908349101.961;
139, 63626908351102.039;
140, 63626908353101.234;
141, 63626908355101.586;
142, 63626908357102.164;
143, 63626908359100.844;
144, 63626908361100.945;
145, 63626908363100.992;
146, 63626908365103.695;
147, 63626908367102.922;
148, 63626908369100.789;
149, 63626908371101.078;
150, 63626908373101.023;
151, 63626908375102.453;
152, 63626908377101.594;
153, 63626908379100.992;
154, 63626908381102.453;
155, 63626908383101.609;
156, 63626908385102.172;
157, 63626908387102.250;
158, 63626908389101.227;
159, 63626908391100.953;
160, 63626908393102.211;
161, 63626908395102.484;
162, 63626908397101.836;
163, 63626908399101.422;
164, 63626908401100.766;
165, 63626908403102.500;
166, 63626908405102.242;
167, 63626908407103.602;
168, 63626908409100.664;
169, 63626908411101.359;
170, 63626908413102.023;
171, 63626908415102.117;
172, 63626908417100.641;
173, 63626908419102.219;
174, 63626908421102.461;
175, 63626908423101.172;
176, 63626908425102.359;
177, 63626908427100.680;
178, 63626908429101.117;
179, 63626908431101.156;
180, 63626908433100.375;
181, 63626908435102.594;
182, 63626908437101.078;
183, 63626908439102.508;
184, 63626908441225.930;
185, 63626908443103.344;
186, 63626908445102.812;
187, 63626908447100.797;
188, 63626908449099.977;
189, 63626908451102.078;
190, 63626908453101.273;
191, 63626908455100.023;
192, 63626908457100.375;
193, 63626908459100.609;
194, 63626908461102.055;
195, 63626908463102.070;
196, 63626908465100.953;
198, 63626908470157.680;
199, 63626908471102.500;
200, 63626908473101.992;
201, 63626908475102.016;
202, 63626908477100.969;
203, 63626908479100.500;
204, 63626908481100.570;
205, 63626908483100.320;
206, 63626908485102.633;
207, 63626908487101.148;
208, 63626908489100.594;
209, 63626908491101.711;
210, 63626908493102.625;
1, 63626908544837.531;
2, 63626908546839.070;
3, 63626908548839.945;
4, 63626908550838.172;
5, 63626908552839.789;
6, 63626908554839.406;
7, 63626908556838.883;
8, 63626908558838.297;
9, 63626908560838.719;
10, 63626908562838.039;
11, 63626908564838.578;
12, 63626908566838.266;
13, 63626908568837.422;
14, 63626908570837.922;
15, 63626908572838.680;
16, 63626908574838.383;
17, 63626908576839.234;
18, 63626908578840.359;
19, 63626908580839.078;
20, 63626908582838.117;
21, 63626908584838.492;
22, 63626908586838.812;
23, 63626908588837.492;
24, 63626908590838.883;
25, 63626908592839.344;
26, 63626908594837.430;
27, 63626908596839.195;
28, 63626908598837.961;
29, 63626908600838.188;
30, 63626908602838.445;
31, 63626908604838.242;
32, 63626908606839.297;
33, 63626908608839.641;
34, 63626908610837.391;
35, 63626908612837.508;
36, 63626908614838.898;
37, 63626908616839.047;
38, 63626908618837.289;
39, 63626908620838.258;
40, 63626908622837.930;
41, 63626908624838.039;
42, 63626908626839.961;
43, 63626908628837.648;
44, 63626908630837.727;
45, 63626908632837.227;
46, 63626908634839.445;
47, 63626908636838.773;
48, 63626908638837.281;
49, 63626908640837.492;
50, 63626908642836.570;
51, 63626908644839.039;
52, 63626908646837.609;
53, 63626908648840.023;
54, 63626908650839.211;
55, 63626908652838.164;
56, 63626908654837.102;
57, 63626908656838.492;
58, 63626908658836.898;
59, 63626908660837.758;
60, 63626908662839.922;
61, 63626908664837.477;
62, 63626908666838.188;
63, 63626908668837.227;
64, 63626908670837.391;
65, 63626908672837.055;
66, 63626908674838.289;
67, 63626908676836.789;
68, 63626908678838.148;
69, 63626908680838.953;
70, 63626908682838.898;
71, 63626908684837.430;
72, 63626908686838.109;
73, 63626908688837.477;
74, 63626908690836.391;
75, 63626908692836.547;
76, 63626908694838.094;
77, 63626908696838.734;
78, 63626908698836.852;
79, 63626908700837.898;
80, 63626908702836.570;
81, 63626908704837.102;
82, 63626908706836.664;
83, 63626908708839.281;
84, 63626908710837.578;
85, 63626908712837.516;
86, 63626908714838.875;
87, 63626908716838.781;
88, 63626908718837.867;
89, 63626908720836.734;
90, 63626908722836.867;
91, 63626908724838.477;
92, 63626908726836.586;
93, 63626908728836.695;
94, 63626908730838.078;
95, 63626908732837.602;
96, 63626908734836.391;
97, 63626908736838.086;
98, 63626908738838.406;
99, 63626908740836.875;
100, 63626908742836.914;
101, 63626908744837.141;
102, 63626908746837.031;
103, 63626908748837.203;
104, 63626908750836.422;
105, 63626908752837.891;
106, 63626908754837.273;
107, 63626908756836.711;
108, 63626908758837.047;
109, 63626908760837.664;
110, 63626908762837.594;
111, 63626908764836.539;
112, 63626908766838.789;
113, 63626908768836.680;
114, 63626908770837.148;
115, 63626908772836.727;
116, 63626908774838.508;
117, 63626908776836.344;
118, 63626908778837.648;
119, 63626908780838.047;
120, 63626908782838.789;
121, 63626908784835.859;
122, 63626908786838.531;
123, 63626908788836.406;
124, 63626908790838.727;
125, 63626908792838.188;
126, 63626908794836.414;
127, 63626908796836.727;
128, 63626908798836.016;
129, 63626908800837.406;
130, 63626908802837.625;
131, 63626908804838.555;
132, 63626908806836.508;
133, 63626908808838.773;
134, 63626908810836.344;
135, 63626908812836.648;
136, 63626908814836.188;
137, 63626908816837.938;
138, 63626908818837.148;
139, 63626908820835.922;
140, 63626908822835.938;
141, 63626908824836.609;
142, 63626908826837.578;
143, 63626908828836.188;
144, 63626908830836.555;
145, 63626908832836.609;
146, 63626908834836.570;
147, 63626908836835.703;
148, 63626908838838.172;
149, 63626908840835.945;
150, 63626908842836.680;
151, 63626908844837.703;
152, 63626908846837.133;
153, 63626908848836.086;
154, 63626908850837.609;
155, 63626908852839.211;
156, 63626908854838.273;
157, 63626908856838.203;
158, 63626908858835.727;
159, 63626908860835.656;
160, 63626908862835.680;
161, 63626908864835.617;
162, 63626908866836.000;
163, 63626908868837.117;
164, 63626908870836.523;
165, 63626908872837.281;
166, 63626908874836.508;
167, 63626908876836.039;
168, 63626908878837.734;
169, 63626908880837.070;
170, 63626908882836.867;
171, 63626908884837.273;
172, 63626908886838.672;
173, 63626908888835.359;
174, 63626908890837.516;
175, 63626908892838.359;
176, 63626908894837.898;
177, 63626908896835.859;
178, 63626908898836.453;
179, 63626908902838.344;
180, 63626908904836.664;
181, 63626908906837.375;
182, 63626908908836.641;
183, 63626908910838.234;
184, 63626908912838.336;
185, 63626908914835.945;
186, 63626908916836.492;
187, 63626908918836.914;
188, 63626908920838.156;
189, 63626908922836.203;
190, 63626908924836.453;
191, 63626908926836.062;
192, 63626908928836.594;
193, 63626908930835.953;
194, 63626908932837.945;
195, 63626908934837.328;
196, 63626908936838.148;
197, 63626908938835.859;
198, 63626908940836.430;
199, 63626908942837.648;
200, 63626908944835.289;
201, 63626908946837.992;
202, 63626908948835.922;
203, 63626908950835.117;
204, 63626908952836.586;
205, 63626908954835.938;
206, 63626908956836.305;
207, 63626908958837.500;
208, 63626908960835.258;
209, 63626908962836.617;
1, 63626909016609.312;
2, 63626909018611.609;
3, 63626909020609.734;
4, 63626909022612.078;
5, 63626909024611.648;
6, 63626909026610.789;
7, 63626909028611.977;
8, 63626909030609.477;
9, 63626909032610.828;
10, 63626909034610.328;
11, 63626909036610.977;
12, 63626909038610.367;
13, 63626909040610.258;
14, 63626909042609.211;
15, 63626909044612.266;
16, 63626909046612.031;
17, 63626909048611.672;
18, 63626909050609.469;
19, 63626909052612.133;
20, 63626909054611.578;
21, 63626909056611.672;
22, 63626909058609.266;
23, 63626909060611.023;
24, 63626909062610.062;
25, 63626909064610.594;
26, 63626909066609.398;
27, 63626909068611.961;
28, 63626909070611.766;
29, 63626909072609.227;
30, 63626909074610.148;
31, 63626909076610.711;
32, 63626909078609.453;
33, 63626909080611.773;
34, 63626909082609.812;
35, 63626909084610.609;
36, 63626909086609.641;
37, 63626909088611.695;
38, 63626909090611.625;
39, 63626909092609.242;
40, 63626909094610.031;
41, 63626909096610.812;
42, 63626909098610.016;
43, 63626909100609.469;
44, 63626909102610.367;
45, 63626909104609.680;
46, 63626909106608.938;
47, 63626909108609.141;
48, 63626909110609.773;
49, 63626909112608.930;
50, 63626909114610.641;
51, 63626909116610.930;
52, 63626909118609.172;
53, 63626909120608.945;
54, 63626909122609.023;
55, 63626909124610.867;
56, 63626909126609.125;
57, 63626909128609.469;
58, 63626909130611.234;
59, 63626909132609.750;
60, 63626909134609.953;
61, 63626909136610.375;
62, 63626909138609.328;
63, 63626909140609.578;
64, 63626909142609.711;
65, 63626909144608.555;
66, 63626909146610.148;
67, 63626909148609.812;
68, 63626909150609.727;
69, 63626909152611.734;
70, 63626909154609.570;
71, 63626909156609.938;
72, 63626909158610.055;
73, 63626909160609.859;
74, 63626909162610.281;
75, 63626909164608.508;
76, 63626909166609.281;
77, 63626909168608.562;
78, 63626909170609.305;
79, 63626909172611.070;
80, 63626909174609.227;
81, 63626909176610.719;
82, 63626909178608.766;
83, 63626909180609.336;
84, 63626909182608.820;
85, 63626909184608.195;
86, 63626909186610.023;
87, 63626909188608.203;
88, 63626909190609.195;
89, 63626909192609.789;
90, 63626909194610.344;
91, 63626909196608.594;
92, 63626909198610.891;
93, 63626909200608.586;
94, 63626909202610.594;
95, 63626909204608.508;
96, 63626909206610.977;
97, 63626909208609.070;
98, 63626909210611.508;
99, 63626909212609.133;
100, 63626909214609.328;
101, 63626909216609.195;
102, 63626909218608.438;
103, 63626909220608.570;
104, 63626909222609.852;
105, 63626909224609.758;
106, 63626909226608.938;
107, 63626909228608.211;
108, 63626909230610.250;
109, 63626909232608.734;
110, 63626909234610.609;
111, 63626909236608.953;
112, 63626909238611.039;
113, 63626909240609.602;
114, 63626909242608.648;
115, 63626909244609.055;
116, 63626909246608.164;
117, 63626909248609.625;
118, 63626909250610.273;
119, 63626909254484.141;
120, 63626909254608.117;
121, 63626909256611.000;
122, 63626909258609.289;
123, 63626909260608.523;
124, 63626909262610.414;
125, 63626909264609.586;
126, 63626909266609.328;
127, 63626909268608.656;
128, 63626909270609.453;
129, 63626909272608.406;
130, 63626909274608.656;
131, 63626909276608.477;
132, 63626909278610.648;
133, 63626909280609.164;
134, 63626909282607.680;
135, 63626909284607.766;
136, 63626909286610.227;
137, 63626909288610.344;
138, 63626909290610.328;
139, 63626909292608.578;
140, 63626909294608.555;
141, 63626909296607.898;
142, 63626909298610.961;
143, 63626909300607.969;
144, 63626909302609.773;
145, 63626909304609.961;
146, 63626909306609.234;
147, 63626909308609.719;
148, 63626909310610.008;
149, 63626909312609.375;
150, 63626909314607.859;
151, 63626909316607.281;
152, 63626909318608.297;
153, 63626909320608.258;
154, 63626909322609.531;
155, 63626909324609.516;
156, 63626909326608.469;
157, 63626909328607.578;
158, 63626909330607.531;
159, 63626909332607.516;
160, 63626909334610.031;
161, 63626909336607.625;
162, 63626909338608.883;
163, 63626909340607.641;
164, 63626909342607.781;
165, 63626909344607.242;
166, 63626909346608.625;
167, 63626909348609.727;
168, 63626909350607.789;
169, 63626909352607.344;
170, 63626909354610.016;
172, 63626909359665.062;
173, 63626909360609.156;
174, 63626909362607.344;
175, 63626909364608.570;
176, 63626909366609.852;
177, 63626909368608.062;
178, 63626909370607.742;
179, 63626909372607.250;
180, 63626909374608.156;
181, 63626909376609.531;
182, 63626909378608.609;
183, 63626909380609.516;
185, 63626909385568.938;
186, 63626909386609.719;
187, 63626909388608.883;
188, 63626909390609.367;
189, 63626909392607.211;
190, 63626909394607.281;
191, 63626909396607.531;
192, 63626909398608.109;
193, 63626909400607.305;
194, 63626909402609.078;
195, 63626909404608.406;
196, 63626909406608.523;
197, 63626909408607.164;
198, 63626909410607.203;
199, 63626909412608.609;
200, 63626909414610.312;
201, 63626909416608.125;
202, 63626909418610.016;
203, 63626909420607.383;
204, 63626909422608.039;
205, 63626909424608.758;
206, 63626909426607.812;
207, 63626909428608.648;
208, 63626909430607.406;
209, 63626909432608.883;
210, 63626909434606.703;
