1,1,63627193473574.4
2,2,63627193475577.5
3,3,63627193477575.3
4,4,63627193479576.4
5,5,63627193481575.1
6,6,63627193483574.6
7,7,63627193485575
8,8,63627193487576
9,9,63627193489576
10,10,63627193491576.8
11,11,63627193493576
12,12,63627193495574.6
13,13,63627193497575.8
14,14,63627193499574.7
15,15,63627193501576.6
16,16,63627193503576.1
17,17,63627193505574.8
18,18,63627193507574.8
19,19,63627193509575.1
20,20,63627193511575.2
21,21,63627193513574.9
22,22,63627193515575.4
23,23,63627193517574.4
24,24,63627193519575.7
25,25,63627193521575.3
26,26,63627193523575.3
27,27,63627193525577.5
28,28,63627193527754.6
29,29,63627193529575.7
30,30,63627193531576.8
31,31,63627193533574.7
32,32,63627193535574.9
33,33,63627193537574.8
34,34,63627193539575.5
35,35,63627193541576.4
36,36,63627193543574.5
37,37,63627193545574.7
38,38,63627193547574.5
39,39,63627193549575.5
40,40,63627193551574.3
41,41,63627193553575.8
42,42,63627193555575.6
43,43,63627193557577.2
44,44,63627193559576.2
45,45,63627193561576.5
46,46,63627193563577.2
47,47,63627193565574.6
48,48,63627193567575.2
49,49,63627193569575.1
50,50,63627193571576.4
51,51,63627193573576.6
52,52,63627193575574
53,53,63627193577577.2
54,55,63627193581656.9
55,56,63627193583576.5
56,57,63627193585576.2
57,58,63627193587574.3
58,59,63627193589576.8
59,60,63627193591576.2
60,61,63627193593575.6
61,62,63627193595575.2
62,63,63627193597574.3
63,64,63627193599575.9
64,65,63627193601573.9
65,66,63627193603576.9
66,67,63627193606929.9
67,68,63627193607574.4
68,69,63627193609575.7
69,70,63627193611575.6
70,71,63627193613574
71,72,63627193615574.6
72,73,63627193617574.3
73,74,63627193619573.7
74,75,63627193621575.4
75,76,63627193623574.2
76,77,63627193625575.3
77,78,63627193627575.7
78,79,63627193629575.1
79,84,63627193639594
80,85,63627193641575.5
81,86,63627193643575.7
82,87,63627193645574.4
83,88,63627193647575.4
84,89,63627193649575.3
85,90,63627193651573.4
86,91,63627193653574.3
87,92,63627193655575.5
88,93,63627193658350.2
89,94,63627193659576.9
90,95,63627193661573.8
91,96,63627193663574.2
92,97,63627193665573.6
93,98,63627193667574.2
94,99,63627193669573.8
95,100,63627193671574.7
96,101,63627193673574.8
97,102,63627193675573.5
98,103,63627193677575
99,104,63627193679574.4
100,105,63627193681576.2
101,106,63627193684779.7
102,107,63627193685574.7
103,108,63627193687574
104,109,63627193689573.8
105,110,63627193691576.6
106,111,63627193693576
107,112,63627193695573.9
108,113,63627193697574.9
109,114,63627193699573.9
110,115,63627193701573.3
111,116,63627193703575
112,117,63627193705575.1
113,118,63627193707574
114,119,63627193711473.4
115,120,63627193713134.9
116,121,63627193713573.3
117,122,63627193715573.6
118,123,63627193717573.8
119,124,63627193719574.3
120,125,63627193721575.6
121,126,63627193723573.8
122,127,63627193725573.7
123,128,63627193727574.8
124,129,63627193729574
125,130,63627193731574.4
126,131,63627193733575.7
127,132,63627193735594.9
128,133,63627193737573.7
129,134,63627193739574.9
130,135,63627193741575.2
131,136,63627193743575.7
132,137,63627193745574.2
133,138,63627193747573.8
134,139,63627193749573.7
135,140,63627193751573.8
136,141,63627193753573.4
137,142,63627193755575.6
138,143,63627193757574.8
139,144,63627193759573.6
140,145,63627193761574.5
141,146,63627193763575
142,147,63627193765573.9
143,148,63627193767576
144,149,63627193769574.4
145,150,63627193771574.2
146,151,63627193773573.3
147,152,63627193775575.7
148,153,63627193777575
149,154,63627193779574
150,155,63627193781573.9
151,156,63627193783574.2
152,157,63627193785575.9
153,161,63627193793880.4
154,162,63627193795573.4
155,163,63627193797573.6
156,164,63627193799573
157,165,63627193801573.8
158,166,63627193803573
159,167,63627193805573
160,168,63627193807573.3
161,169,63627193809573.3
162,170,63627193811574
163,171,63627193814234.2
164,172,63627193815573.1
165,173,63627193817572.8
166,174,63627193819574.5
167,175,63627193821574.3
168,176,63627193823574.4
169,177,63627193825572.8
170,178,63627193827574.4
171,179,63627193829572.8
172,180,63627193831572.4
173,181,63627193833573.1
174,182,63627193835572.5
175,183,63627193837573.2
176,184,63627193839572.6
177,185,63627193841574.8
178,186,63627193843575
179,187,63627193845572.9
180,188,63627193847572.6
181,189,63627193849575
182,190,63627193851573.3
183,191,63627193853573.1
184,192,63627193855572.8
185,193,63627193857574.2
186,194,63627193859573.7
187,195,63627193861573.2
188,196,63627193863573.8
189,197,63627193865759.1
190,198,63627193867573.7
191,199,63627193869575.6
192,200,63627193871575.1
193,201,63627193873572.8
194,202,63627193875575.7
195,203,63627193877573.3
196,204,63627193879573.2
197,205,63627193881573.2
198,206,63627193883573.9
199,207,63627193885572.9
200,208,63627193887572.2
201,209,63627193889574.1
202,210,63627193892044.8
Run 2,,
1,1,63627193938793.1
2,5,63627193947739.9
3,6,63627193948792.5
4,7,63627193950792.1
5,8,63627193952792.6
6,9,63627193954793
7,10,63627193956792.1
8,11,63627193958793.2
9,12,63627193960978.7
10,13,63627193962791.6
11,14,63627193964793.1
12,27,63627193991467.2
13,28,63627193992978.4
14,29,63627193994793.2
15,30,63627193996791.9
16,31,63627193998793.9
17,32,63627194000791.8
18,33,63627194002793.1
19,34,63627194004792
20,35,63627194006792.1
21,36,63627194009711.9
22,37,63627194010792.5
23,38,63627194012792.5
24,39,63627194014791.4
25,40,63627194016793.7
26,41,63627194018792.8
27,42,63627194020791.8
28,43,63627194023140.6
29,44,63627194024791.5
30,45,63627194027092.8
31,46,63627194028793.2
32,47,63627194030792.8
33,48,63627194032791.8
34,49,63627194034792.9
35,50,63627194036793.5
36,51,63627194038900.5
37,52,63627194040791.4
38,53,63627194042792.6
39,54,63627194045026.9
40,55,63627194046793.7
41,56,63627194048794.3
42,57,63627194050793.7
43,58,63627194052792.6
44,59,63627194054791.5
45,60,63627194056792.2
46,61,63627194058792
47,62,63627194060792.3
48,63,63627194062791.5
49,64,63627194064793.1
50,65,63627194066792.3
51,66,63627194068792.2
52,67,63627194071056.2
53,68,63627194072791.3
54,69,63627194074791.7
55,70,63627194076793.3
56,71,63627194078792
57,72,63627194080791.3
58,73,63627194082793
59,74,63627194084791.8
60,75,63627194086791.6
61,76,63627194088791.6
62,77,63627194090790.8
63,78,63627194092791.1
64,79,63627194094791.1
65,80,63627194096791.2
66,81,63627194098792.2
67,82,63627194100791.5
68,83,63627194102791.1
69,84,63627194104793.3
70,85,63627194106793.4
71,86,63627194108790.8
72,87,63627194110791.4
73,88,63627194112791.6
74,89,63627194114791.9
75,90,63627194116793.2
76,91,63627194118792.2
77,92,63627194120791.4
78,96,63627194130067
79,97,63627194130790.8
80,98,63627194132791
81,99,63627194134792.2
82,100,63627194136791.3
83,101,63627194138790.5
84,102,63627194140790.8
85,103,63627194142793.4
86,104,63627194144792.6
87,105,63627194146793.6
88,106,63627194148793
89,107,63627194150793.7
90,108,63627194152793.4
91,109,63627194154792.1
92,110,63627194156790.4
93,111,63627194158791.9
94,112,63627194160791
95,113,63627194162791.9
96,114,63627194164790.9
97,115,63627194166793.6
98,116,63627194168790.5
99,117,63627194170790.4
100,118,63627194172793
101,119,63627194174817.8
102,120,63627194176791.7
103,121,63627194178790.5
104,122,63627194180792.2
105,123,63627194182791.5
106,124,63627194184791.8
107,125,63627194186792.1
108,126,63627194188791.5
109,127,63627194190792.1
110,128,63627194192792.7
111,129,63627194194790.9
112,130,63627194196790.5
113,131,63627194198790.5
114,132,63627194200790.4
115,133,63627194202793
116,134,63627194204792.6
117,135,63627194206791.6
118,136,63627194208790.5
119,137,63627194210793.3
120,138,63627194212791.8
121,139,63627194214792
122,140,63627194216790.3
123,141,63627194218790.7
124,142,63627194220941.8
125,143,63627194222792.3
126,144,63627194224791.2
127,145,63627194226883
128,146,63627194228790.3
129,147,63627194230790.6
130,148,63627194232793.2
131,149,63627194234790.8
132,150,63627194237953.1
133,151,63627194238791.5
134,152,63627194240791.3
135,153,63627194242791
136,154,63627194244790.5
137,155,63627194246792.4
138,156,63627194248790.7
139,157,63627194250792.7
140,158,63627194252791.1
141,159,63627194254793.4
142,160,63627194256791.9
143,161,63627194258791.4
144,162,63627194260790.7
145,163,63627194262791.9
146,164,63627194264792
147,165,63627194266790.8
148,166,63627194268792.4
149,167,63627194270790.4
150,168,63627194272790.5
151,169,63627194274791.8
152,170,63627194276791.9
153,171,63627194280399.1
154,172,63627194280791.9
155,173,63627194282792.6
156,174,63627194284791.5
157,175,63627194286789.8
158,176,63627194288792.6
159,177,63627194290790
160,178,63627194292791
161,179,63627194294791.6
162,180,63627194296791
163,181,63627194298793
164,182,63627194300790.3
165,183,63627194302791
166,184,63627194304790.2
167,185,63627194306791.9
168,186,63627194308790.2
169,187,63627194310791.1
170,188,63627194312790.3
171,189,63627194314790.1
172,190,63627194316790
173,191,63627194318791.1
174,192,63627194320792.4
175,193,63627194322790.7
176,194,63627194324791.6
177,195,63627194326791
178,196,63627194328790.9
179,197,63627194330790.4
180,198,63627194332792
181,199,63627194334792.4
182,200,63627194336792.5
183,201,63627194338791.3
184,202,63627194340792.6
185,203,63627194342789.9
186,204,63627194344791.5
187,205,63627194346790.3
188,206,63627194348789.8
189,207,63627194350790.8
190,208,63627194352790.8
191,209,63627194354789.6
192,210,63627194356791.8
Run 3,,
1,1,63627194403387.5
2,2,63627194405603.6
3,3,63627194407388.8
4,4,63627194409387.3
5,5,63627194411387.3
6,6,63627194413387.7
7,7,63627194415388.2
8,8,63627194417386.9
9,9,63627194419388.1
10,10,63627194421387.1
11,11,63627194423388.3
12,12,63627194425388.4
13,13,63627194427387.4
14,14,63627194429387.7
15,15,63627194431894.3
16,16,63627194433387.6
17,17,63627194435387.5
18,18,63627194437387.5
19,19,63627194439390.1
20,20,63627194441390
21,21,63627194443387.7
22,22,63627194445387.6
23,23,63627194447388.3
24,24,63627194449388.8
25,25,63627194451389.3
26,26,63627194453387.5
27,27,63627194455387.4
28,40,63627194481731.9
29,41,63627194483386.8
30,42,63627194485387.2
31,43,63627194487387.3
32,44,63627194489388.2
33,45,63627194491388.1
34,46,63627194493386.6
35,47,63627194495388.5
36,48,63627194497387.9
37,49,63627194500133.9
38,50,63627194501387.5
39,51,63627194503389.4
40,52,63627194505388.6
41,53,63627194507386.7
42,54,63627194509386.9
43,55,63627194511389.3
44,56,63627194513387.1
45,57,63627194515387.7
46,58,63627194517388.7
47,59,63627194519389.6
48,60,63627194521387.3
49,61,63627194523387.8
50,62,63627194525387
51,63,63627194527386.7
52,64,63627194529388.6
53,65,63627194531956.7
54,66,63627194533387.8
55,67,63627194535488
56,68,63627194537388
57,69,63627194539389
58,70,63627194541386.5
59,71,63627194543386.4
60,72,63627194545387.1
61,73,63627194547387.1
62,74,63627194549386.9
63,75,63627194551386.5
64,76,63627194553386.7
65,77,63627194555387.1
66,78,63627194557386.9
67,79,63627194559388
68,81,63627194565196.1
69,82,63627194565943.6
70,83,63627194567389.2
71,84,63627194569387.4
72,85,63627194571389.2
73,86,63627194573387.3
74,87,63627194575387.3
75,88,63627194577388
76,89,63627194579388.4
77,90,63627194581387.5
78,91,63627194583386.7
79,92,63627194585388.4
80,93,63627194587387.2
81,94,63627194589387.9
82,95,63627194591388.3
83,96,63627194593387.2
84,97,63627194595386
85,98,63627194597388.9
86,99,63627194599386
87,100,63627194601386.4
88,101,63627194603386.7
89,102,63627194605386.5
90,103,63627194607388.1
91,104,63627194609388.1
92,105,63627194611389.1
93,106,63627194613421.4
94,107,63627194615388.7
95,108,63627194617386.7
96,109,63627194619386.4
97,110,63627194621388.4
98,111,63627194623388.6
99,112,63627194625386.6
100,113,63627194627388.2
101,114,63627194629385.9
102,115,63627194631385.9
103,116,63627194633386.4
104,117,63627194635385.5
105,118,63627194637385.7
106,120,63627194641807.8
107,121,63627194643385.5
108,122,63627194645385.8
109,123,63627194647388.3
110,124,63627194649386.9
111,125,63627194651385.8
112,126,63627194653388.2
113,127,63627194655385.9
114,128,63627194657386.8
115,129,63627194659386.3
116,130,63627194661386.1
117,131,63627194663387.7
118,132,63627194665385.9
119,133,63627194667388.1
120,134,63627194669386.7
121,135,63627194671385.8
122,136,63627194673385.6
123,137,63627194675385.6
124,138,63627194677385.9
125,139,63627194679386.4
126,140,63627194681387.5
127,141,63627194683387.5
128,142,63627194685388.1
129,143,63627194687385.7
130,144,63627194689385.8
131,145,63627194691727.3
132,146,63627194693385.6
133,147,63627194695386.3
134,148,63627194697388
135,149,63627194699385.8
136,150,63627194701386.3
137,151,63627194703385.3
138,152,63627194705386.1
139,153,63627194707386.1
140,154,63627194709386.6
141,155,63627194711388.3
142,156,63627194713385.6
143,157,63627194715386.3
144,158,63627194717388.4
145,159,63627194719388.3
146,160,63627194721387.2
147,161,63627194723387.8
148,162,63627194725385.3
149,163,63627194727386
150,164,63627194729387
151,165,63627194731386.4
152,166,63627194733385.9
153,167,63627194735385.2
154,168,63627194737387.3
155,169,63627194739385.8
156,170,63627194741388
157,171,63627194743386.5
158,172,63627194745385.7
159,173,63627194747385.9
160,174,63627194749386.6
161,175,63627194751386.9
162,176,63627194753387.6
163,177,63627194755385.7
164,178,63627194757386.3
165,179,63627194759386.6
166,180,63627194761385.8
167,181,63627194763387.3
168,182,63627194765385.1
169,183,63627194767386.2
170,184,63627194770024.1
171,185,63627194771385.5
172,186,63627194773385.3
173,187,63627194775385.5
174,188,63627194777385.7
175,189,63627194779387.1
176,190,63627194781385.7
177,191,63627194783386
178,192,63627194785384.9
179,193,63627194787386.9
180,194,63627194789385.2
181,195,63627194791384.8
182,196,63627194793387.3
183,197,63627194795386.8
184,198,63627194797385.9
185,199,63627194799386.3
186,200,63627194801385.8
187,201,63627194803385.8
188,202,63627194805385.6
189,203,63627194807388.8
190,204,63627194809386.7
191,205,63627194811385.9
192,206,63627194813385.2
193,207,63627194815387.4
194,208,63627194817386.5
195,209,63627194819387.3
196,210,63627194821385.2
Run 4,,
1,1,63627194876216.7
2,2,63627194878216.5
3,3,63627194880216.3
4,4,63627194882217.2
5,5,63627194884217.6
6,6,63627194886216.2
7,7,63627194888217.5
8,8,63627194890216
9,9,63627194892216.5
10,10,63627194894217.4
11,11,63627194896218.3
12,12,63627194898216
13,13,63627194900217.7
14,14,63627194902218.2
15,15,63627194904216.7
16,16,63627194906217.7
17,17,63627194908217.3
18,18,63627194910218.8
19,19,63627194912216.1
20,20,63627194914217.9
21,21,63627194916217.8
22,22,63627194918216.8
23,23,63627194920217.4
24,24,63627194922218.5
25,25,63627194924216.1
26,26,63627194926216.2
27,27,63627194928218
28,28,63627194930216.9
29,29,63627194932217.7
30,30,63627194934218.8
31,31,63627194936217.8
32,32,63627194938218
33,33,63627194940217.8
34,34,63627194942217.1
35,35,63627194944216.2
36,36,63627194946216.7
37,37,63627194948217.7
38,38,63627194950218.4
39,39,63627194952216.2
40,40,63627194954217.6
41,41,63627194956216.4
42,42,63627194958217.2
43,43,63627194960216.5
44,44,63627194962218.8
45,45,63627194964216.6
46,46,63627194966217.1
47,47,63627194968216.5
48,48,63627194970216.4
49,49,63627194972216.2
50,50,63627194974217.1
51,51,63627194976216
52,52,63627194978215.4
53,53,63627194980217.9
54,54,63627194982215.9
55,55,63627194984218.5
56,56,63627194986217.3
57,57,63627194988218.7
58,58,63627194990216.3
59,59,63627194992215.5
60,60,63627194994216.1
61,61,63627194996216.7
62,62,63627194998216.5
63,63,63627195000217
64,64,63627195002215.7
65,65,63627195004216.6
66,66,63627195006217.9
67,67,63627195008217.9
68,68,63627195010217.3
69,69,63627195012217.3
70,70,63627195014218.4
71,71,63627195016218
72,72,63627195018217
73,73,63627195020216.9
74,74,63627195022217.3
75,75,63627195024215.9
76,76,63627195026216.2
77,77,63627195028216.8
78,78,63627195030216.6
79,79,63627195032217.4
80,80,63627195034217.1
81,81,63627195036215.9
82,82,63627195038217.9
83,83,63627195040216.3
84,84,63627195042218.3
85,85,63627195044216.1
86,86,63627195046215.9
87,87,63627195048215.8
88,88,63627195050216.5
89,89,63627195052216.4
90,90,63627195054218
91,91,63627195056215.5
92,92,63627195058216.2
93,93,63627195060216.8
94,94,63627195062215.6
95,95,63627195064218.1
96,96,63627195066215.5
97,97,63627195068215.9
98,98,63627195070216.1
99,99,63627195072215.8
100,100,63627195074215.4
101,101,63627195076215.9
102,102,63627195078216.9
103,103,63627195080218.1
104,104,63627195082215.5
105,105,63627195084216.1
106,106,63627195086216.6
107,107,63627195088217.7
108,108,63627195090217
109,109,63627195092216.1
110,110,63627195094216.3
111,111,63627195096216.4
112,112,63627195098214.9
113,113,63627195100220.8
114,114,63627195102216.7
115,115,63627195104216.3
116,116,63627195106215.3
117,117,63627195108217.4
118,118,63627195110217.6
119,119,63627195112674.8
120,120,63627195114216.3
121,121,63627195116215.1
122,122,63627195118216.6
123,123,63627195120215.7
124,124,63627195122215.7
125,125,63627195124215.3
126,126,63627195126216.3
127,127,63627195128216
128,128,63627195130215.9
129,129,63627195132217.1
130,130,63627195134215.4
131,131,63627195136216.9
132,132,63627195138569
133,133,63627195140216.4
134,134,63627195142216.8
135,135,63627195144215.3
136,136,63627195146217.1
137,137,63627195148216.7
138,138,63627195150217
139,139,63627195152215.7
140,140,63627195154215.7
141,141,63627195156214.5
142,142,63627195158345
143,143,63627195160214.9
144,144,63627195162214.8
145,145,63627195164217.5
146,146,63627195166214.7
147,147,63627195168215.7
148,148,63627195170214.9
149,149,63627195172215.5
150,150,63627195174216.4
151,151,63627195176215
152,152,63627195178215.8
153,153,63627195180217.4
154,154,63627195182214.8
155,155,63627195184216.9
156,156,63627195186216.3
157,157,63627195188215.6
158,158,63627195190217.4
159,159,63627195192217.4
160,160,63627195194216
161,161,63627195196214.5
162,162,63627195198214.8
163,163,63627195200214.6
164,164,63627195202215.8
165,165,63627195204215
166,166,63627195206214.6
167,167,63627195208214.7
168,168,63627195210217.3
169,169,63627195212215.9
170,170,63627195214216.3
171,171,63627195216215.4
172,172,63627195218215.7
173,173,63627195220214.4
174,174,63627195222216.6
175,175,63627195224217.3
176,176,63627195226214.3
177,177,63627195228214.9
178,178,63627195230223.9
179,179,63627195232215.3
180,180,63627195234215.7
181,181,63627195236216.9
182,182,63627195238215.2
183,183,63627195240215.6
184,184,63627195242214.6
185,185,63627195244215.6
186,186,63627195246214.3
187,187,63627195248214.2
188,188,63627195250214.3
189,189,63627195252214.2
190,190,63627195254214.9
191,191,63627195256216
192,192,63627195258215.7
193,193,63627195260214.4
194,194,63627195262216.8
195,195,63627195264215.4
196,196,63627195266214
197,199,63627195273900.2
198,200,63627195274213.8
199,201,63627195276216.6
200,202,63627195278214.4
201,203,63627195280216.1
202,204,63627195282215.3
203,205,63627195284213.7
204,206,63627195286215.7
205,207,63627195288214.4
206,208,63627195290215.8
207,209,63627195292214
208,210,63627195298414.9
Run 5,,
1,1,63627195333598.8
2,3,63627195337888.2
3,4,63627195339600.5
4,5,63627195341598.6
5,6,63627195343600.8
6,7,63627195345600.6
7,8,63627195347598.2
8,9,63627195349599.8
9,10,63627195351599.5
10,11,63627195353600.3
11,12,63627195355598.7
12,13,63627195357598.8
13,14,63627195359598.3
14,15,63627195361598.5
15,16,63627195363601.7
16,17,63627195365598.7
17,18,63627195367600.5
18,19,63627195369599.4
19,20,63627195371600.7
20,21,63627195373600
21,22,63627195375599.9
22,23,63627195377599.2
23,24,63627195379598.3
24,25,63627195381598.3
25,26,63627195383599.7
26,27,63627195385601.3
27,28,63627195387599.8
28,29,63627195389600.8
29,30,63627195391599
30,31,63627195393600.9
31,32,63627195395599
32,33,63627195397601.1
33,34,63627195399598.7
34,35,63627195401599.5
35,36,63627195403599.8
36,37,63627195405600.6
37,38,63627195407599.9
38,39,63627195409599.9
39,40,63627195411599.2
40,41,63627195413599.8
41,42,63627195415599.3
42,43,63627195417599.5
43,44,63627195419600.1
44,45,63627195421599.2
45,46,63627195423601
46,47,63627195425598.2
47,48,63627195427598.7
48,49,63627195429599
49,50,63627195431599.5
50,51,63627195433599
51,52,63627195435597.9
52,53,63627195437600.1
53,54,63627195440055.4
54,55,63627195441598.1
55,56,63627195443597.9
56,57,63627195445600
57,58,63627195447599.8
58,59,63627195449598.5
59,60,63627195451598
60,61,63627195453599.1
61,62,63627195455598.3
62,63,63627195457598.5
63,64,63627195459598.3
64,65,63627195461599.1
65,66,63627195463600.9
66,69,63627195470679.9
67,70,63627195471598.3
68,71,63627195473599.8
69,72,63627195475598.6
70,73,63627195477598.9
71,74,63627195479597.9
72,75,63627195481597.9
73,76,63627195483599.7
74,77,63627195485602
75,78,63627195487597.8
76,79,63627195491508.9
77,80,63627195492249.4
78,83,63627195499309.2
79,84,63627195499597.6
80,85,63627195501600.8
81,86,63627195503599.4
82,87,63627195505597.3
83,88,63627195507597.3
84,89,63627195509599.2
85,90,63627195511601.6
86,91,63627195513598.6
87,92,63627195515599.1
88,93,63627195517910.2
89,94,63627195519599.1
90,95,63627195521598.6
91,96,63627195523599.1
92,97,63627195525600.1
93,98,63627195527599.6
94,99,63627195529598.4
95,100,63627195531598.2
96,101,63627195533597.8
97,102,63627195535598.7
98,103,63627195537600
99,104,63627195539597.5
100,105,63627195541598.8
101,106,63627195544396.9
102,107,63627195545597.7
103,108,63627195547597.3
104,109,63627195549599.4
105,110,63627195551598.5
106,111,63627195553597.5
107,112,63627195555599.9
108,113,63627195557598.8
109,114,63627195559600.7
110,115,63627195561598.6
111,116,63627195563599.8
112,117,63627195565598.6
113,118,63627195567598.3
114,119,63627195569599.1
115,120,63627195571599.3
116,121,63627195573597.2
117,122,63627195575598.4
118,123,63627195577599.2
119,124,63627195579597
120,125,63627195581597.3
121,126,63627195583596.8
122,127,63627195585597
123,128,63627195587596.8
124,129,63627195589598.4
125,130,63627195591598.8
126,131,63627195593596.9
127,132,63627195597204.4
128,133,63627195597597.4
129,134,63627195599598.9
130,135,63627195601596.8
131,136,63627195603599.6
132,137,63627195605597
133,138,63627195607597.3
134,139,63627195609598.6
135,140,63627195611597.4
136,141,63627195613596.7
137,142,63627195615598.9
138,143,63627195617596.9
139,144,63627195619596.9
140,145,63627195621713.6
141,146,63627195623597
142,147,63627195625599.4
143,148,63627195627597
144,149,63627195629597.9
145,150,63627195631599.4
146,151,63627195633597.5
147,152,63627195635596.8
148,153,63627195637598.6
149,154,63627195639598.1
150,155,63627195641596.8
151,156,63627195643596.5
152,157,63627195645598.3
153,158,63627195647598.5
154,159,63627195649598.7
155,160,63627195651598.9
156,161,63627195653599.1
157,162,63627195655597.4
158,163,63627195657597.5
159,164,63627195659597.7
160,165,63627195661598.7
161,166,63627195663597.7
162,167,63627195665599.4
163,168,63627195667599.1
164,169,63627195669596.5
165,170,63627195671596.3
166,171,63627195673598.2
167,172,63627195675597.2
168,173,63627195677596.9
169,174,63627195679598.7
170,175,63627195681596.5
171,176,63627195683598.3
172,177,63627195685597
173,178,63627195687598.4
174,179,63627195689597.3
175,180,63627195691597
176,181,63627195693598.7
177,182,63627195695596.7
178,183,63627195697597.3
179,184,63627195699598.7
180,185,63627195701598.3
181,186,63627195703598.1
182,187,63627195705596.8
183,188,63627195707596.6
184,189,63627195709596.6
185,190,63627195711597.1
186,191,63627195713598.2
187,192,63627195715597.8
188,193,63627195717596.7
189,194,63627195719596.9
190,195,63627195721596.1
191,196,63627195723596.2
192,197,63627195725631.8
193,198,63627195727597.5
194,199,63627195729596.7
195,200,63627195731596.2
196,201,63627195733598.2
197,202,63627195735597.5
198,203,63627195737597.5
199,204,63627195739598.1
200,205,63627195741597.3
201,206,63627195743596.1
202,207,63627195745598.2
203,208,63627195747597.4
204,209,63627195749597.8
205,210,63627195751597.2
Run 6,,
1,1,63627195801088.1
2,2,63627195803507.5
3,3,63627195805090.2
4,4,63627195807087.8
5,5,63627195809088
6,6,63627195811090.3
7,7,63627195813087.9
8,8,63627195815087.5
9,9,63627195817087.6
10,10,63627195819087.7
11,11,63627195821087.5
12,12,63627195823089.3
13,13,63627195825087.5
14,14,63627195827089.3
15,15,63627195829465.9
16,16,63627195831089.9
17,17,63627195833088
18,18,63627195835087.3
19,19,63627195837087.9
20,20,63627195839087.6
21,21,63627195841088
22,22,63627195843087.5
23,23,63627195845087.3
24,24,63627195847087.5
25,25,63627195849089.2
26,26,63627195851088
27,27,63627195853087.4
28,28,63627195855088.4
29,29,63627195857087.5
30,30,63627195859087.5
31,31,63627195861087.9
32,32,63627195863088.1
33,33,63627195865089.1
34,34,63627195867087.6
35,35,63627195869088.7
36,36,63627195871087.4
37,37,63627195873087.7
38,38,63627195875090
39,39,63627195877088.4
40,40,63627195879089.2
41,45,63627195890354.1
42,46,63627195891088.2
43,47,63627195893087.1
44,48,63627195895087.9
45,49,63627195897088.4
46,50,63627195899087.5
47,51,63627195901087.4
48,52,63627195903088.8
49,53,63627195905087.4
50,54,63627195907088.1
51,55,63627195909090.4
52,56,63627195911088.1
53,57,63627195913088.3
54,58,63627195915087.2
55,59,63627195917087.2
56,60,63627195919087.7
57,61,63627195921093
58,62,63627195923087.2
59,63,63627195925376
60,64,63627195927087
61,65,63627195929088.5
62,66,63627195931086.7
63,67,63627195935043.8
64,68,63627195935088.7
65,69,63627195937088.4
66,70,63627195939089
67,71,63627195941088.6
68,72,63627195943087.1
69,73,63627195945088
70,74,63627195947088.7
71,75,63627195949088.5
72,76,63627195951107.7
73,77,63627195953086.9
74,78,63627195955088.8
75,79,63627195957088.3
76,80,63627195959170.3
77,81,63627195961088.6
78,82,63627195963087.1
79,83,63627195965088.7
80,84,63627195967088.8
81,85,63627195969087.7
82,86,63627195971086.7
83,87,63627195973086.4
84,88,63627195975088.4
85,89,63627195977086.9
86,90,63627195979086.9
87,91,63627195981087.3
88,92,63627195983088.5
89,93,63627195986170.2
90,94,63627195987087.6
91,95,63627195989088.8
92,96,63627195991087.6
93,103,63627196005137.7
94,104,63627196007087.7
95,105,63627196009089.1
96,106,63627196012562.2
97,107,63627196013088.9
98,108,63627196015087.3
99,109,63627196017088.1
100,110,63627196019089.1
101,111,63627196021088.2
102,112,63627196023086.4
103,113,63627196025087.7
104,114,63627196027088.1
105,115,63627196029088.7
106,116,63627196031086.1
107,117,63627196033087.4
108,118,63627196035088.9
109,119,63627196039036.3
110,120,63627196039086
111,121,63627196041088.3
112,122,63627196043088.3
113,123,63627196045086.4
114,124,63627196047086.5
115,125,63627196049088
116,126,63627196051086.1
117,127,63627196053087.1
118,128,63627196055087.8
119,129,63627196057088.2
120,130,63627196059086.8
121,131,63627196061087.5
122,138,63627196075086.3
123,139,63627196077088
124,140,63627196079089.1
125,141,63627196081085.8
126,142,63627196083086.2
127,143,63627196085087
128,144,63627196087087.6
129,145,63627196089087.5
130,146,63627196091087.7
131,147,63627196094410.6
132,148,63627196095086.9
133,149,63627196097087.8
134,150,63627196099088
135,151,63627196101086.1
136,152,63627196103086.2
137,153,63627196105085.8
138,154,63627196107086.4
139,155,63627196109088.7
140,156,63627196111086
141,157,63627196113087.2
142,159,63627196117638.1
143,160,63627196119088
144,161,63627196121086.9
145,162,63627196123085.8
146,163,63627196125087.1
147,164,63627196127087
148,165,63627196129085.9
149,166,63627196131085.8
150,167,63627196133085.8
151,168,63627196135087.8
152,169,63627196137087.2
153,170,63627196139085.3
154,171,63627196141087.3
155,172,63627196143085.9
156,173,63627196145085.8
157,174,63627196147085.8
158,175,63627196149086
159,176,63627196151085.4
160,177,63627196153086.6
161,178,63627196155085.9
162,179,63627196157085.9
163,180,63627196159085.6
164,181,63627196161087.5
165,182,63627196163086.3
166,183,63627196165086.3
167,184,63627196167088.4
168,185,63627196169088.1
169,186,63627196171086.5
170,187,63627196173086.6
171,188,63627196175088.5
172,189,63627196177086.5
173,190,63627196179086.7
174,191,63627196181086.4
175,192,63627196183086.5
176,193,63627196185085.4
177,194,63627196187088.2
178,195,63627196189085.3
179,196,63627196191087.9
180,197,63627196193087.3
181,198,63627196195085.4
182,199,63627196197085.9
183,200,63627196199086.8
184,201,63627196201085.7
185,202,63627196203088.1
186,203,63627196205085.5
187,204,63627196207086.2
188,205,63627196209086
189,206,63627196213086
190,207,63627196215086.9
191,208,63627196217086.8
192,209,63627196219085.7
Run 7,,
1,1,63627196259643.9
2,2,63627196261643.5
3,3,63627196263644.9
4,4,63627196265647.1
5,5,63627196267646.4
6,6,63627196269646.9
7,7,63627196271645.3
8,8,63627196273645.2
9,9,63627196275644.7
10,10,63627196277645
11,11,63627196279643.8
12,12,63627196281644.3
13,13,63627196283643.7
14,14,63627196285644.9
15,15,63627196287644.5
16,16,63627196289645.3
17,17,63627196291644.1
18,18,63627196293643.8
19,19,63627196295645.1
20,20,63627196297644.4
21,21,63627196299644.9
22,22,63627196301643.6
23,23,63627196303645.9
24,24,63627196305643.7
25,25,63627196307644.7
26,26,63627196309643.2
27,27,63627196311645.3
28,28,63627196313646.4
29,29,63627196315645.7
30,30,63627196317645.3
31,31,63627196319645.7
32,32,63627196321646
33,33,63627196323643.5
34,34,63627196325645.2
35,35,63627196327644.3
36,36,63627196329644.7
37,37,63627196331644.7
38,38,63627196333643.2
39,39,63627196335645.4
40,40,63627196337645.5
41,41,63627196339645.2
42,42,63627196341643.3
43,43,63627196343645.4
44,44,63627196345643.9
45,45,63627196347645.3
46,46,63627196349645.6
47,47,63627196351644.5
48,48,63627196353645.2
49,49,63627196355644.2
50,50,63627196357643.4
51,51,63627196359644.7
52,52,63627196361644
53,53,63627196363646
54,54,63627196365643.7
55,55,63627196367643
56,56,63627196369643.5
57,57,63627196371646.1
58,58,63627196373643.9
59,59,63627196375643.6
60,60,63627196377644.1
61,61,63627196379644.4
62,62,63627196381644.7
63,63,63627196383646.1
64,64,63627196385643.4
65,65,63627196387642.9
66,66,63627196389643.3
67,67,63627196391642.8
68,68,63627196393643.1
69,69,63627196395644.2
70,70,63627196397642.9
71,71,63627196399645.8
72,72,63627196401645.3
73,73,63627196403643.1
74,74,63627196405643.8
75,75,63627196407643.3
76,76,63627196409644.4
77,77,63627196411643.7
78,78,63627196413644.2
79,79,63627196415644.3
80,80,63627196417642.8
81,81,63627196419642.9
82,82,63627196421643.5
83,83,63627196423643.6
84,84,63627196425644.1
85,85,63627196427643.6
86,86,63627196429644.3
87,87,63627196431642.8
88,88,63627196433642.9
89,89,63627196435643.6
90,90,63627196437645.1
91,91,63627196439644
92,92,63627196441645.6
93,93,63627196443956
94,94,63627196445643
95,95,63627196447644
96,96,63627196449643.9
97,98,63627196455421.5
98,99,63627196455643.1
99,100,63627196457643.8
100,101,63627196459643.3
101,102,63627196461644.3
102,103,63627196463644.8
103,104,63627196465643.8
104,105,63627196467642.6
105,106,63627196469642.7
106,107,63627196471646.1
107,108,63627196473642.6
108,109,63627196475642.7
109,110,63627196477644
110,111,63627196479644.6
111,112,63627196481643.8
112,113,63627196483642.8
113,114,63627196485643.6
114,115,63627196487644.1
115,116,63627196489688.6
116,117,63627196491643.4
117,118,63627196493643.4
118,119,63627196495644.2
119,120,63627196497644.4
120,121,63627196499643.1
121,122,63627196501642.5
122,123,63627196503644.8
123,124,63627196505644.5
124,125,63627196507642.6
125,126,63627196509642.4
126,127,63627196511642.4
127,134,63627196526304.4
128,135,63627196527642
129,137,63627196533591.5
130,138,63627196533646.1
131,139,63627196535642.1
132,140,63627196537644.3
133,141,63627196539642.6
134,142,63627196541643.6
135,143,63627196543643.2
136,144,63627196547150.7
137,145,63627196547642.9
138,148,63627196554289.7
139,149,63627196555642.3
140,150,63627196557641.8
141,151,63627196559641.9
142,152,63627196561643.9
143,153,63627196563642.3
144,154,63627196565642.9
145,155,63627196567644.7
146,156,63627196569642.5
147,157,63627196571642.6
148,158,63627196574245.9
149,159,63627196575641.8
150,160,63627196577642.1
151,161,63627196579642
152,162,63627196581643.3
153,163,63627196583643.9
154,164,63627196585641.7
155,165,63627196587644
156,166,63627196589642.3
157,167,63627196591644.2
158,168,63627196593642.6
159,169,63627196595641.6
160,170,63627196597644
161,171,63627196600287.7
162,172,63627196601642.2
163,173,63627196603642
164,174,63627196605643.6
165,175,63627196607642.5
166,176,63627196609643.1
167,177,63627196611642.4
168,178,63627196613642.6
169,179,63627196615641.4
170,180,63627196617643.1
171,181,63627196619642.4
172,182,63627196621641.7
173,183,63627196623641.5
174,184,63627196625645.1
175,185,63627196627642.4
176,186,63627196629641.5
177,187,63627196631642.8
178,188,63627196633642.9
179,189,63627196635643.3
180,190,63627196637641.4
181,191,63627196639643.2
182,192,63627196641641.8
183,193,63627196643643.3
184,194,63627196645643.2
185,195,63627196647642.5
186,196,63627196649641.3
187,198,63627196654324.3
188,199,63627196655644.1
189,200,63627196657643.8
190,201,63627196659641.5
191,202,63627196661642.2
192,203,63627196663641.4
193,204,63627196665641.9
194,205,63627196667641.6
195,206,63627196669642
196,207,63627196671671.4
197,208,63627196673641.2
198,209,63627196675641.6
199,210,63627196679757.4
Run 8,,
1,1,63627196731279.9
2,2,63627196735139.3
3,3,63627196735279.5
4,4,63627196737280.6
5,5,63627196739280.1
6,6,63627196741279.9
7,7,63627196743279.8
8,8,63627196745279.7
9,9,63627196747279.7
10,10,63627196749280.1
11,11,63627196751300.7
12,12,63627196753279.7
13,13,63627196755279.5
14,14,63627196757282
15,19,63627196769237.3
16,20,63627196769298.4
17,21,63627196771280.7
18,22,63627196773280.2
19,23,63627196775280.9
20,24,63627196777280.5
21,25,63627196779279.6
22,26,63627196781280.5
23,27,63627196783279.9
24,28,63627196785281.3
25,29,63627196787279.6
26,30,63627196789282.3
27,31,63627196791280.4
28,32,63627196793280.5
29,33,63627196795280.5
30,34,63627196797280.5
31,35,63627196799279.8
32,36,63627196801279.9
33,37,63627196803759.9
34,38,63627196805280.3
35,39,63627196807279.8
36,40,63627196809282
37,41,63627196812768.2
38,42,63627196813281.1
39,43,63627196815280.8
40,44,63627196817281.8
41,45,63627196819282.2
42,46,63627196821280.5
43,47,63627196823280.8
44,48,63627196825279.5
45,49,63627196827279.8
46,50,63627196829280.8
47,51,63627196831280.6
48,52,63627196833280.5
49,53,63627196835281.4
50,54,63627196837279.9
51,55,63627196839279.5
52,56,63627196841280.4
53,57,63627196843281.6
54,58,63627196845282.2
55,59,63627196847279.3
56,60,63627196849279.6
57,61,63627196851279.5
58,62,63627196853279.4
59,63,63627196855280
60,64,63627196857348.6
61,65,63627196859279.5
62,66,63627196861279.2
63,67,63627196864605.2
64,68,63627196865278.9
65,69,63627196867278.9
66,70,63627196869279.3
67,71,63627196871278.7
68,72,63627196873279.2
69,73,63627196875279.6
70,74,63627196877280.6
71,75,63627196879280.8
72,76,63627196881278.9
73,77,63627196883279.4
74,78,63627196885280.8
75,79,63627196887279.3
76,82,63627196893845
77,83,63627196895281.2
78,84,63627196897280
79,85,63627196899280.1
80,86,63627196901278.6
81,87,63627196903279.6
82,88,63627196905279.8
83,89,63627196907278.9
84,90,63627196909281.7
85,91,63627196911278.6
86,92,63627196913278.9
87,94,63627196919089.4
88,95,63627196919279.5
89,96,63627196921280.7
90,97,63627196923279.6
91,98,63627196925279.9
92,99,63627196927279
93,100,63627196929280.1
94,101,63627196931278.9
95,102,63627196933280
96,103,63627196935434.5
97,104,63627196937279.3
98,105,63627196939281.1
99,106,63627196942844.7
100,107,63627196943278.5
101,108,63627196945278.5
102,109,63627196947279.3
103,110,63627196949278.9
104,111,63627196951278.6
105,112,63627196953280.1
106,113,63627196955278.6
107,114,63627196957279.3
108,115,63627196959279.3
109,116,63627196961280.6
110,117,63627196963279.1
111,118,63627196965279
112,121,63627196971364.8
113,122,63627196973279.2
114,123,63627196975280.8
115,124,63627196977278.5
116,125,63627196979278.6
117,126,63627196981279.3
118,127,63627196983280.2
119,128,63627196985279.1
120,129,63627196987279
121,130,63627196989279.9
122,131,63627196991279.2
123,132,63627196994255.2
124,133,63627196995280.8
125,134,63627196997281.2
126,135,63627196999278.5
127,136,63627197001277.9
128,137,63627197003280.7
129,138,63627197005280.5
130,139,63627197007280.5
131,140,63627197009278.9
132,141,63627197011278.9
133,142,63627197013278.9
134,143,63627197015278.7
135,145,63627197020168.8
136,150,63627197029677
137,151,63627197031278.1
138,152,63627197033279.7
139,153,63627197035279.8
140,154,63627197037278.6
141,155,63627197039277.9
142,156,63627197041277.8
143,157,63627197043280.1
144,158,63627197045278.1
145,159,63627197047493.2
146,160,63627197049279.8
147,161,63627197051278.7
148,162,63627197053279.6
149,163,63627197055278.9
150,164,63627197057279.5
151,165,63627197059279
152,166,63627197061278.3
153,167,63627197063277.7
154,168,63627197065278.5
155,169,63627197067279.1
156,170,63627197069277.8
157,171,63627197071277.5
158,172,63627197073278.4
159,173,63627197075280.1
160,174,63627197077277.8
161,175,63627197079280.3
162,176,63627197081278.4
163,177,63627197083279.1
164,178,63627197085278.6
165,179,63627197087277.9
166,180,63627197089280.2
167,181,63627197091280.1
168,182,63627197093278
169,183,63627197095278.6
170,184,63627197097279.1
171,185,63627197099277.7
172,186,63627197101279.2
173,187,63627197103278
174,188,63627197105277.8
175,189,63627197107280.1
176,190,63627197109277.9
177,191,63627197111278.3
178,192,63627197113279
179,193,63627197115277.8
180,194,63627197117278
181,195,63627197119277.6
182,196,63627197121278.9
183,197,63627197123279.3
184,198,63627197125279.9
185,199,63627197127280.3
186,200,63627197129279.8
187,201,63627197131279.2
188,202,63627197133279.4
189,203,63627197135277.3
190,204,63627197137277.2
191,205,63627197139277.4
192,206,63627197141278.2
193,207,63627197143280.2
194,208,63627197145277.9
195,209,63627197147278.7
196,210,63627197149278.4
Run 9,,
1,1,63627197192265
2,2,63627197194267.4
3,3,63627197196266.5
4,4,63627197198267
5,5,63627197200265.5
6,6,63627197202267
7,7,63627197204265.4
8,8,63627197206264.5
9,9,63627197208266.8
10,10,63627197210265.6
11,11,63627197212265.6
12,12,63627197214267.9
13,13,63627197216264.7
14,14,63627197218265
15,15,63627197220265
16,16,63627197222267.7
17,17,63627197224266.6
18,18,63627197226264.5
19,19,63627197228264.6
20,20,63627197230267.1
21,21,63627197232265.3
22,22,63627197234266.6
23,23,63627197236266.3
24,24,63627197238266.5
25,25,63627197240265.2
26,26,63627197242266.5
27,27,63627197244265.7
28,28,63627197246264.6
29,29,63627197248265.2
30,30,63627197250268
31,31,63627197252264.9
32,32,63627197254265.8
33,33,63627197256264.3
34,34,63627197258266
35,35,63627197260264.7
36,36,63627197262264.6
37,37,63627197264264.5
38,38,63627197266264.4
39,39,63627197268264.8
40,40,63627197270266.6
41,41,63627197272267.1
42,42,63627197274265.1
43,43,63627197276265.9
44,44,63627197278266.6
45,45,63627197280264.3
46,46,63627197282266.7
47,47,63627197284264.7
48,48,63627197286266.8
49,49,63627197288265.5
50,50,63627197290264.5
51,51,63627197292266.6
52,52,63627197294265.2
53,53,63627197296264.9
54,54,63627197298264.3
55,55,63627197300265.3
56,56,63627197302265.7
57,57,63627197304264.1
58,58,63627197306264.8
59,59,63627197308264.7
60,60,63627197310265
61,61,63627197312264.8
62,62,63627197314266.3
63,63,63627197316264.5
64,64,63627197318265
65,65,63627197320264.3
66,66,63627197322264.4
67,67,63627197324264.5
68,68,63627197326265.1
69,69,63627197328266.6
70,70,63627197330264.9
71,71,63627197332264.3
72,72,63627197334265.2
73,73,63627197336264.3
74,74,63627197338264.2
75,75,63627197340265.3
76,76,63627197342266.1
77,77,63627197344264.7
78,78,63627197346264.3
79,79,63627197348266.6
80,80,63627197350265.3
81,81,63627197352264.7
82,82,63627197354265.8
83,83,63627197356263.9
84,84,63627197358266.4
85,85,63627197360266.5
86,86,63627197362263.7
87,87,63627197364265.3
88,88,63627197366265.9
89,89,63627197368264.1
90,90,63627197370264.2
91,91,63627197372263.8
92,92,63627197374265.3
93,93,63627197377664.5
94,94,63627197378265.9
95,95,63627197380264
96,96,63627197382263.5
97,97,63627197384264.6
98,98,63627197386264.1
99,99,63627197388264.1
100,100,63627197390265.4
101,101,63627197392263.3
102,102,63627197394263.7
103,103,63627197396265.3
104,104,63627197398264.5
105,105,63627197400264.5
106,106,63627197402297.6
107,107,63627197404263.5
108,108,63627197406265.9
109,109,63627197408263.9
110,110,63627197410264.2
111,111,63627197412265
112,112,63627197414264
113,113,63627197416263.9
114,114,63627197418265.1
115,115,63627197420265.4
116,116,63627197422266.1
117,117,63627197424264.4
118,118,63627197426265.2
119,119,63627197428265
120,120,63627197430263.7
121,121,63627197432264.8
122,122,63627197434265.9
123,123,63627197436264.4
124,124,63627197438264
125,125,63627197440263.9
126,126,63627197442265
127,127,63627197444263.9
128,128,63627197446264.1
129,129,63627197448302.2
130,130,63627197450263.5
131,131,63627197452264.2
132,133,63627197456551.1
133,134,63627197458264
134,135,63627197460264.6
135,136,63627197462263.5
136,137,63627197464264.1
137,138,63627197466264.1
138,139,63627197468263.4
139,140,63627197470262.9
140,141,63627197472264.2
141,144,63627197479516.2
142,145,63627197480264.4
143,146,63627197483348.1
144,147,63627197484265.3
145,148,63627197486264.8
146,149,63627197488266.2
147,150,63627197490265.3
148,151,63627197492264.4
149,152,63627197494264.5
150,153,63627197496263.3
151,154,63627197498264.7
152,155,63627197500266.3
153,156,63627197502263
154,157,63627197504265.4
155,158,63627197506264.1
156,159,63627197508263.3
157,160,63627197510264.7
158,161,63627197512263
159,162,63627197514263.3
160,163,63627197516263
161,164,63627197518263.8
162,165,63627197520263.4
163,166,63627197522263.1
164,167,63627197524263.9
165,168,63627197526265
166,169,63627197528263.1
167,170,63627197530262.7
168,171,63627197533654.2
169,172,63627197534265.4
170,173,63627197536263.7
171,174,63627197538265
172,175,63627197540262.6
173,176,63627197542265.2
174,177,63627197544262.5
175,178,63627197546264.8
176,179,63627197548264
177,180,63627197550263.2
178,181,63627197552265.7
179,182,63627197554263.9
180,183,63627197556264.2
181,185,63627197562186.4
182,186,63627197562263
183,187,63627197564263
184,188,63627197566265
185,189,63627197568265.6
186,190,63627197570262.8
187,191,63627197572262.4
188,192,63627197574263.9
189,193,63627197576262.5
190,194,63627197578263.8
191,195,63627197580263.2
192,196,63627197582264.2
193,198,63627197587162.7
194,199,63627197588262.9
195,200,63627197590263.9
196,201,63627197592263.9
197,202,63627197594262.6
198,203,63627197596263.8
199,204,63627197598264.9
200,205,63627197600263.8
201,207,63627197604907.9
202,208,63627197606262.6
203,209,63627197608262.1
204,210,63627197623406.9
Run 10,,
1,1,63627197671328.9
2,2,63627197674009.8
3,3,63627197675331
4,4,63627197677329.6
5,5,63627197679330.5
6,6,63627197681331
7,7,63627197683329.1
8,8,63627197685330.6
9,9,63627197687331.2
10,10,63627197689329.8
11,11,63627197691329.4
12,12,63627197693331.6
13,13,63627197695329.1
14,14,63627197697330.9
15,16,63627197701555.5
16,17,63627197703328.9
17,18,63627197705328.8
18,19,63627197707331.6
19,20,63627197709328.8
20,21,63627197711328.6
21,22,63627197713329.6
22,23,63627197715328.8
23,24,63627197717329.9
24,25,63627197719330.9
25,26,63627197721329.1
26,27,63627197723331.1
27,28,63627197726071.3
28,29,63627197727331
29,30,63627197729329.5
30,31,63627197731329
31,32,63627197733330.6
32,33,63627197735330.3
33,34,63627197737328.2
34,35,63627197739329.3
35,36,63627197741330.5
36,37,63627197743329.2
37,38,63627197745329
38,39,63627197747328.8
39,40,63627197749329.2
40,41,63627197751331.3
41,42,63627197753329.8
42,43,63627197755328.3
43,44,63627197757328.5
44,45,63627197759328.6
45,46,63627197761328.8
46,47,63627197763329.5
47,48,63627197765328.2
48,49,63627197767329.7
49,50,63627197769328.3
50,51,63627197771500.3
51,52,63627197773328.2
52,53,63627197775330.6
53,54,63627197777328.2
54,55,63627197779329.2
55,56,63627197781328.4
56,57,63627197783328.3
57,58,63627197785330.8
58,59,63627197787330.3
59,60,63627197789329.7
60,61,63627197791328.4
61,62,63627197793329
62,63,63627197795328.7
63,64,63627197798386.1
64,65,63627197799328.2
65,66,63627197801328.4
66,67,63627197804045.5
67,68,63627197805327.7
68,69,63627197807331
69,70,63627197809330.6
70,71,63627197811328
71,72,63627197813328.4
72,73,63627197815329.1
73,74,63627197817328.1
74,75,63627197819330.5
75,76,63627197821329.7
76,77,63627197823327.9
77,78,63627197825328.4
78,79,63627197827328
79,81,63627197831595.8
80,82,63627197833327.6
81,83,63627197835328.6
82,84,63627197837328.7
83,85,63627197839328.6
84,86,63627197841329
85,87,63627197843328.2
86,88,63627197845327.7
87,89,63627197847329.9
88,90,63627197849327.8
89,91,63627197851329.6
90,92,63627197853328.4
91,93,63627197855864.7
92,94,63627197857329
93,95,63627197859329.4
94,96,63627197861328
95,97,63627197863328.7
96,98,63627197865330.2
97,99,63627197867328.7
98,100,63627197869327.9
99,101,63627197871329.6
100,102,63627197873327.6
101,103,63627197875327.4
102,104,63627197877328.7
103,105,63627197879329.6
104,106,63627197882674.2
105,107,63627197883327.9
106,108,63627197885329.8
107,109,63627197887327.6
108,110,63627197889330.1
109,111,63627197891327.7
110,112,63627197893327.7
111,113,63627197895327.9
112,114,63627197897327.3
113,115,63627197899329.1
114,117,63627197903720.7
115,118,63627197905328.1
116,119,63627197908575.6
117,120,63627197909328.9
118,121,63627197911329.7
119,122,63627197913329.1
120,123,63627197915329.7
121,124,63627197917328.1
122,125,63627197919327.8
123,126,63627197921330.7
124,127,63627197923329.6
125,128,63627197925328.1
126,129,63627197927329.9
127,130,63627197929327.8
128,131,63627197931329.4
129,132,63627197935157.1
130,133,63627197935328.8
131,134,63627197937330.1
132,135,63627197939327.9
133,136,63627197941329.8
134,137,63627197943327
135,138,63627197945329.8
136,139,63627197947328.2
137,140,63627197949327.3
138,141,63627197951327.2
139,142,63627197953327.2
140,143,63627197955327.2
141,144,63627197957327.4
142,145,63627197960118.5
143,146,63627197961328.7
144,147,63627197963329.3
145,148,63627197965328.1
146,149,63627197967327.6
147,150,63627197969328.7
148,151,63627197971327.3
149,152,63627197973327.9
150,153,63627197975328
151,154,63627197977329
152,155,63627197979327.1
153,156,63627197981327
154,157,63627197983327.4
155,158,63627197985327.4
156,159,63627197987329.4
157,160,63627197989329.2
158,161,63627197991328.2
159,162,63627197993327.2
160,163,63627197995327.2
161,164,63627197997327.2
162,165,63627197999328.7
163,166,63627198001327.6
164,167,63627198003327.3
165,168,63627198005328.5
166,169,63627198007327
167,170,63627198009328.4
168,171,63627198012184.9
169,172,63627198013327.6
170,173,63627198015327.3
171,174,63627198017327.2
172,175,63627198019328.2
173,176,63627198021328.9
174,177,63627198023327.8
175,178,63627198025326.9
176,179,63627198027326.7
177,180,63627198029326.4
178,181,63627198031328.7
179,182,63627198033326.5
180,183,63627198035328.8
181,184,63627198037329.4
182,185,63627198039326.8
183,186,63627198041327.4
184,187,63627198043328.9
185,188,63627198045326.7
186,189,63627198047328.6
187,190,63627198049328
188,191,63627198051326.9
189,192,63627198053326.5
190,193,63627198055327.9
191,194,63627198058925.1
192,195,63627198059327
193,196,63627198061326.5
194,198,63627198066932
195,199,63627198067405.7
196,200,63627198069327.8
197,201,63627198071327.2
198,202,63627198073328.6
199,203,63627198075328.6
200,204,63627198077326.6
201,205,63627198079326.5
202,206,63627198082737.8
203,207,63627198083326.4
204,208,63627198085326.5
205,209,63627198087326.5
206,210,63627198089535.4
Run 11,,
1,1,63627198133307.1
2,2,63627198135659.3
3,3,63627198137310.2
4,4,63627198139308.7
5,5,63627198141306.6
6,6,63627198143308.4
7,7,63627198145306.8
8,8,63627198147306.7
9,9,63627198149306.7
10,10,63627198151307
11,11,63627198153307.7
12,12,63627198155307.6
13,13,63627198157308
14,14,63627198159306.7
15,15,63627198161929.6
16,16,63627198163309.8
17,17,63627198165309.3
18,18,63627198167307.4
19,19,63627198169306.5
20,20,63627198171307.7
21,21,63627198173308.4
22,22,63627198175307.5
23,23,63627198177309.2
24,24,63627198179307.9
25,25,63627198181307.3
26,26,63627198183306.7
27,27,63627198185309.6
28,28,63627198187306.6
29,29,63627198189308
30,30,63627198191307.4
31,31,63627198193307.5
32,32,63627198195308.6
33,33,63627198197307.5
34,34,63627198199307
35,35,63627198201306.8
36,36,63627198203306.7
37,37,63627198205307.2
38,38,63627198207311.4
39,39,63627198209306.4
40,40,63627198211306.9
41,41,63627198214817.2
42,42,63627198215308.1
43,43,63627198217306.9
44,44,63627198219307.9
45,45,63627198221308.5
46,46,63627198223306.7
47,47,63627198225308.3
48,48,63627198227306.5
49,49,63627198229307.7
50,50,63627198231307.4
51,51,63627198233308.4
52,52,63627198235308
53,53,63627198237308.2
54,54,63627198239306.2
55,55,63627198241307.3
56,56,63627198243308.8
57,57,63627198245308.1
58,58,63627198247307.8
59,59,63627198249306.7
60,60,63627198251307.2
61,61,63627198253306.3
62,62,63627198255306.8
63,63,63627198257309.5
64,64,63627198259308.9
65,65,63627198261306.2
66,66,63627198263307.3
67,68,63627198267857.7
68,69,63627198269308.6
69,70,63627198271306.5
70,71,63627198273308.4
71,72,63627198275305.9
72,73,63627198277306.5
73,74,63627198279305.8
74,75,63627198281306.4
75,76,63627198283315.4
76,77,63627198285307.3
77,78,63627198287306.7
78,79,63627198289306.3
79,83,63627198297668.3
80,84,63627198299307.7
81,85,63627198301306.7
82,86,63627198303306.7
83,87,63627198305306.8
84,88,63627198307307.3
85,89,63627198309306.6
86,90,63627198311307.1
87,91,63627198313305.9
88,92,63627198315306.1
89,93,63627198317308.8
90,94,63627198319306
91,95,63627198321307.6
92,96,63627198323306.5
93,97,63627198325305.7
94,98,63627198327306
95,99,63627198329307.6
96,100,63627198331305.9
97,101,63627198333305.9
98,102,63627198335305.7
99,103,63627198337308.3
100,104,63627198339305.6
101,105,63627198341307
102,106,63627198344573.5
103,107,63627198345306.6
104,108,63627198347305.9
105,109,63627198349308.5
106,110,63627198351308.4
107,111,63627198353307.3
108,112,63627198355306.9
109,113,63627198357305.7
110,114,63627198359306.4
111,115,63627198361306.1
112,116,63627198363545.6
113,117,63627198365305.5
114,118,63627198367307.9
115,119,63627198369307.8
116,120,63627198371306.1
117,121,63627198373305.5
118,122,63627198375307.3
119,123,63627198377306.8
120,124,63627198379307.8
121,125,63627198381305.6
122,126,63627198383305.7
123,127,63627198385306.9
124,128,63627198387307
125,129,63627198389308.3
126,130,63627198391306.3
127,131,63627198393307
128,132,63627198396388.3
129,133,63627198397305.2
130,134,63627198399307.2
131,135,63627198401306.2
132,136,63627198403305
133,137,63627198405305.8
134,138,63627198407307.2
135,139,63627198409305.2
136,140,63627198411306
137,141,63627198413305.2
138,142,63627198415305.3
139,143,63627198417305.6
140,144,63627198419307
141,145,63627198421306.7
142,146,63627198423305
143,147,63627198426385.4
144,148,63627198427305.3
145,149,63627198429305.2
146,150,63627198431305.4
147,151,63627198433304.7
148,152,63627198435306
149,153,63627198437306.7
150,154,63627198439305.4
151,155,63627198441351.9
152,156,63627198443304.9
153,157,63627198446022.9
154,158,63627198447305.1
155,159,63627198449305.3
156,160,63627198451305.3
157,161,63627198453306.9
158,162,63627198455306.2
159,163,63627198457307.6
160,164,63627198459307.3
161,165,63627198461305.6
162,166,63627198463304.8
163,167,63627198465306.4
164,168,63627198467306.9
165,169,63627198469306.9
166,170,63627198471305
167,171,63627198473923.1
168,172,63627198475321.3
169,173,63627198477308
170,174,63627198479304.8
171,175,63627198481304.5
172,176,63627198483305.2
173,177,63627198485305.2
174,178,63627198487304.8
175,179,63627198489307.5
176,180,63627198491306.9
177,181,63627198493305.6
178,182,63627198495305.9
179,183,63627198497307
180,184,63627198499305.9
181,185,63627198501305.1
182,186,63627198503304.6
183,187,63627198505304.6
184,188,63627198507305.7
185,189,63627198509306.3
186,190,63627198511305.6
187,191,63627198513304.4
188,192,63627198515304.8
189,193,63627198517305.9
190,194,63627198519329.8
191,195,63627198521304.3
192,196,63627198523305.4
193,197,63627198525305.1
194,198,63627198527304.6
195,199,63627198529305.7
196,200,63627198531306.7
197,201,63627198533305.8
198,202,63627198535304.7
199,203,63627198537304.4
200,204,63627198539306.4
201,205,63627198541305.8
202,206,63627198543304.9
203,207,63627198545307.3
204,208,63627198547305.4
205,209,63627198549306.8
206,210,63627198552267.6
Run 12,,
1,1,63627198607050
2,2,63627198609495.8
3,3,63627198611052.1
4,4,63627198613050
5,5,63627198615051.4
6,8,63627198621939.2
7,9,63627198623051.2
8,10,63627198625051.5
9,11,63627198627050.2
10,12,63627198629050.1
11,13,63627198631049.7
12,14,63627198633051.6
13,16,63627198638838.9
14,17,63627198639051.8
15,18,63627198641049.6
16,19,63627198643049.6
17,20,63627198645051
18,21,63627198647049.7
19,22,63627198649049.6
20,23,63627198651050.1
21,24,63627198653049.4
22,25,63627198655049.8
23,26,63627198657049.9
24,27,63627198659051.2
25,29,63627198664865.2
26,30,63627198665050.6
27,31,63627198667051.1
28,32,63627198669051
29,33,63627198671051.8
30,34,63627198673049.6
31,35,63627198675051.2
32,36,63627198677051.9
33,37,63627198679049.4
34,38,63627198681052
35,39,63627198683050.1
36,40,63627198685050.6
37,41,63627198687050.7
38,42,63627198689049.8
39,43,63627198691051.3
40,44,63627198693051.4
41,45,63627198695049.7
42,46,63627198697052.1
43,47,63627198699051.8
44,48,63627198701050
45,49,63627198703049.6
46,50,63627198705050.6
47,51,63627198707049.3
48,52,63627198709049.1
49,53,63627198711050
50,54,63627198713142.1
51,55,63627198715050.8
52,56,63627198717051.6
53,57,63627198719050.7
54,58,63627198721050.9
55,59,63627198723049.9
56,60,63627198725049.3
57,61,63627198727048.9
58,62,63627198729050.2
59,63,63627198731049.8
60,64,63627198733049
61,65,63627198735049.6
62,66,63627198737049.6
63,68,63627198741460.4
64,69,63627198743049.5
65,70,63627198745049.6
66,71,63627198747049.4
67,72,63627198749051.3
68,73,63627198751049.9
69,74,63627198753049.4
70,75,63627198755049.9
71,80,63627198765741.7
72,81,63627198767048.6
73,82,63627198769153.9
74,83,63627198771049.3
75,84,63627198773049.3
76,85,63627198775049.4
77,86,63627198777049.4
78,87,63627198779048.5
79,88,63627198781050.2
80,89,63627198783050.3
81,90,63627198785051.2
82,91,63627198787050.8
83,92,63627198790309.9
84,93,63627198792217.9
85,94,63627198793051.3
86,95,63627198795050.3
87,96,63627198797049.3
88,97,63627198799051.4
89,98,63627198801048.8
90,99,63627198803050.5
91,100,63627198805049.5
92,101,63627198807049.9
93,102,63627198809049
94,103,63627198811051.4
95,104,63627198813049.3
96,105,63627198815049.5
97,106,63627198817048.7
98,107,63627198819050.5
99,108,63627198821048.8
100,109,63627198823048.8
101,110,63627198825049.1
102,111,63627198827050
103,112,63627198829050.7
104,113,63627198831049.9
105,114,63627198833049.3
106,115,63627198835048.8
107,116,63627198837050.1
108,117,63627198839049.8
109,118,63627198841048.6
110,119,63627198844820.3
111,120,63627198845049.2
112,121,63627198847050.6
113,122,63627198849051
114,123,63627198851049.1
115,124,63627198853051
116,125,63627198855048.5
117,126,63627198857048.5
118,127,63627198859049
119,128,63627198861048.3
120,129,63627198863048.6
121,130,63627198865048.3
122,131,63627198867049.7
123,132,63627198869049.1
124,133,63627198871050.6
125,134,63627198873048.3
126,135,63627198875048.4
127,136,63627198877047.9
128,137,63627198879048.7
129,138,63627198881050
130,139,63627198883049.7
131,140,63627198885049.7
132,141,63627198887049.6
133,142,63627198889048.8
134,143,63627198891049.4
135,144,63627198893048.5
136,145,63627198895667
137,146,63627198897049
138,147,63627198899049.9
139,148,63627198901048.3
140,149,63627198903049
141,150,63627198905050.6
142,151,63627198907050
143,152,63627198909048.2
144,153,63627198911049.3
145,154,63627198913049.3
146,155,63627198915048.3
147,156,63627198917048.9
148,157,63627198919049.9
149,158,63627198921562.4
150,159,63627198923051.2
151,160,63627198925049.6
152,161,63627198927049.1
153,162,63627198929048.7
154,163,63627198931048.2
155,164,63627198933049.2
156,165,63627198935050.2
157,166,63627198937049.6
158,167,63627198939051.8
159,168,63627198941048.5
160,169,63627198943049.9
161,170,63627198945050.4
162,173,63627198951806.9
163,174,63627198953050.4
164,175,63627198955049
165,176,63627198957049.5
166,177,63627198959048.5
167,178,63627198961048
168,179,63627198963048.1
169,180,63627198965050
170,181,63627198967047.9
171,182,63627198969048.6
172,183,63627198971050.6
173,185,63627198976891.2
174,186,63627198977049.8
175,187,63627198979049.6
176,188,63627198981048
177,189,63627198983047.7
178,190,63627198985048.5
179,191,63627198987047.7
180,192,63627198989048.3
181,193,63627198991047.4
182,194,63627198993049.3
183,195,63627198995048.9
184,196,63627198997049.3
185,197,63627198999470.4
186,198,63627199001049.6
187,199,63627199003047.8
188,200,63627199005047.4
189,201,63627199007049.8
190,202,63627199009047.7
191,203,63627199011048.3
192,204,63627199013048.4
193,205,63627199015048.8
194,206,63627199017048.3
195,207,63627199019049.1
196,208,63627199021048.8
197,209,63627199023049
198,210,63627199025050.1
